Company,Model,Variant,FuelType,TransmissionType,ManufactureDate,Kilometer,Owner,Price,Colour,Car_ID
Maruti Suzuki,CELERIO(2017-2019),1.0 ZXI AMT O,0,0,02-01-2018,33197,1,575000,0,Maruti Suzuki CELERIO(2017-2019) 1.0 ZXI AMT O
Maruti Suzuki,ALTO,LXI,0,0,03-01-2021,10322,1,435000,1,Maruti Suzuki ALTO LXI
Hyundai,GRAND I10,1.2 KAPPA ASTA,0,0,03-01-2015,37889,1,470000,2,Hyundai GRAND I10 1.2 KAPPA ASTA
Tata,NEXON,XT PLUS,0,0,08-01-2020,13106,1,990000,3,Tata NEXON XT PLUS
Ford,FIGO,EXI DURATORQ 1.4,0,0,11-01-2010,104614,2,270000,0,Ford FIGO EXI DURATORQ 1.4
Mercedes Benz,E CLASS,E 250 CDI AVANTGARDE,0,1,04-01-2013,87700,3,999000,4,Mercedes Benz E CLASS E 250 CDI AVANTGARDE
Volkswagen,AMEO,HIGHLINE DIESEL DSG,0,0,06-01-2017,70577,1,675000,3,Volkswagen AMEO HIGHLINE DIESEL DSG
Maruti Suzuki,ERTIGA,ZXI,0,0,07-01-2013,76259,1,600000,3,Maruti Suzuki ERTIGA ZXI
Maruti Suzuki,SWIFT,LXI,0,0,02-01-2015,85000,3,480000,0,Maruti Suzuki SWIFT LXI
Hyundai,I10,MAGNA,0,0,05-01-2008,77000,2,240000,1,Hyundai I10 MAGNA
Volkswagen,AMEO,HIGHLINE 1.0L PLUS (P),0,0,07-01-2018,29416,1,650000,5,Volkswagen AMEO HIGHLINE 1.0L PLUS (P)
Maruti Suzuki,CELERIO,ZXI O MT,0,0,09-01-2017,64277,2,500000,1,Maruti Suzuki CELERIO ZXI O MT
Hyundai,CRETA(2018-2019),CRDI 1.4 E PLUS,0,0,09-01-2018,51078,1,1135000,1,Hyundai CRETA(2018-2019) CRDI 1.4 E PLUS
Maruti Suzuki,VITARA BREZZA,VDI O,0,0,04-01-2017,66535,1,875000,1,Maruti Suzuki VITARA BREZZA VDI O
Mahindra,XUV500,W8 AT,0,0,06-01-2016,58422,1,1350000,6,Mahindra XUV500 W8 AT
Honda,JAZZ,1.2 V I VTEC,0,0,01-01-2016,53377,1,595000,7,Honda JAZZ 1.2 V I VTEC
Hyundai,GRAND I10,ASTA 1.2 KAPPA VTVT,0,0,01-01-2019,19365,1,675000,8,Hyundai GRAND I10 ASTA 1.2 KAPPA VTVT
Renault,DUSTER,RXL PETROL 104,0,0,01-01-2017,42773,1,755000,9,Renault DUSTER RXL PETROL 104
Nissan,MICRA ACTIVE,XL,0,0,11-01-2015,17511,2,410000,0,Nissan MICRA ACTIVE XL
Maruti Suzuki,CELERIO,ZXI AMT,0,0,01-01-2016,48042,2,525000,1,Maruti Suzuki CELERIO ZXI AMT
Maruti Suzuki,CELERIO,VXI MT,0,0,05-01-2016,36914,1,485000,0,Maruti Suzuki CELERIO VXI MT
Maruti Suzuki,SWIFT,VXI,0,0,05-01-2017,47892,1,645000,2,Maruti Suzuki SWIFT VXI
Jeep,COMPASS,LIMITED 2.0 DIESEL,0,0,01-01-2018,55779,1,1545000,10,Jeep COMPASS LIMITED 2.0 DIESEL
Hyundai,ELITE I20,MAGNA PLUS 1.2,0,0,07-01-2019,44291,1,715000,2,Hyundai ELITE I20 MAGNA PLUS 1.2
Nissan,TERRANO,XL P,0,0,11-01-2016,35421,1,655000,0,Nissan TERRANO XL P
Ford,FIESTA(2008-2011),SXI 1.4 TDCI,0,0,05-01-2010,139196,1,235000,0,Ford FIESTA(2008-2011) SXI 1.4 TDCI
Hyundai,XCENT,S 1.2 OPT,0,0,02-01-2015,61040,1,555000,11,Hyundai XCENT S 1.2 OPT
Honda,BRIO,S MT,0,0,06-01-2013,67935,1,375000,9,Honda BRIO S MT
Hyundai,ELITE I20,MAGNA EXECUTIVE 1.2,0,0,01-01-2017,34580,2,620000,1,Hyundai ELITE I20 MAGNA EXECUTIVE 1.2
Hyundai,VERNA,VGT CRDI 1.5,0,0,03-01-2008,172469,2,275000,12,Hyundai VERNA VGT CRDI 1.5
Mahindra,XUV500,W8,0,0,03-01-2014,67147,1,950000,2,Mahindra XUV500 W8
Tata,TIAGO,XZ,0,0,08-01-2018,66837,2,530000,9,Tata TIAGO XZ
Honda,JAZZ,1.2 V CVT I VTEC BSIV,0,0,10-01-2017,63578,2,620000,10,Honda JAZZ 1.2 V CVT I VTEC BSIV
Hyundai,GRAND I10,1.2 KAPPA ASTA,0,0,06-01-2017,30959,1,625000,1,Hyundai GRAND I10 1.2 KAPPA ASTA
Honda,WR V,VX MT PETROL,0,0,12-01-2017,54174,1,825000,10,Honda WR V VX MT PETROL
Maruti Suzuki,BALENO,DELTA AT 1.2,0,0,09-01-2018,27701,1,760000,3,Maruti Suzuki BALENO DELTA AT 1.2
Ford,FIGO,TREND (O) WITH ABS 1.2,0,0,04-01-2016,54127,2,495000,2,Ford FIGO TREND (O) WITH ABS 1.2
Fiat,GRAND PUNTO,SPORT 1.3,0,0,10-01-2014,103000,1,455000,13,Fiat GRAND PUNTO SPORT 1.3
Ford,FIGO,EXI DURATORQ 1.4,0,0,09-01-2012,53490,1,345000,10,Ford FIGO EXI DURATORQ 1.4
Maruti Suzuki,SWIFT,VXI,0,0,10-01-2018,23768,1,675000,3,Maruti Suzuki SWIFT VXI
Hyundai,EON,ERA PLUS,0,0,02-01-2015,57834,2,335000,2,Hyundai EON ERA PLUS
Hyundai,I20 ACTIVE,1.2 S,0,0,06-01-2017,32321,2,680000,1,Hyundai I20 ACTIVE 1.2 S
Hyundai,GRAND I10,1.2 KAPPA ASTA O,0,0,08-01-2014,33975,1,515000,7,Hyundai GRAND I10 1.2 KAPPA ASTA O
Ford,ECOSPORT,TITANIUM 1.5 TDCI,0,0,08-01-2014,70183,2,595000,0,Ford ECOSPORT TITANIUM 1.5 TDCI
Ford,FIGO,ZXI DURATORQ 1.4,0,0,09-01-2011,69220,2,315000,10,Ford FIGO ZXI DURATORQ 1.4
Volkswagen,POLO,COMFORTLINE 1.2L DIESEL,0,0,03-01-2013,50392,2,515000,10,Volkswagen POLO COMFORTLINE 1.2L DIESEL
Mahindra,XUV500,W8,0,0,07-01-2014,104318,2,850000,14,Mahindra XUV500 W8
Mahindra,XUV500(2011_2015),W8,0,0,04-01-2014,93400,2,890000,4,Mahindra XUV500(2011_2015) W8
Nissan,MICRA,XE PETROL,0,0,07-01-2011,66258,1,295000,7,Nissan MICRA XE PETROL
Maruti Suzuki,BALENO,ALPHA,0,0,09-01-2017,52386,1,730000,3,Maruti Suzuki BALENO ALPHA
Maruti Suzuki,SWIFT,VDI ABS,0,0,01-01-2018,32909,1,775000,1,Maruti Suzuki SWIFT VDI ABS
Maruti Suzuki,SWIFT DZIRE,VXI AT,0,1,01-01-2018,29723,1,735000,0,Maruti Suzuki SWIFT DZIRE VXI AT
Renault,KWID(2015_2019),1.0 RXT AMT O,0,0,11-01-2016,26642,2,420000,1,Renault KWID(2015_2019) 1.0 RXT AMT O
Hyundai,GRAND I10(2017-2020),MAGNA 1.2 KAPPA VTVT,0,0,10-01-2018,16806,1,610000,7,Hyundai GRAND I10(2017-2020) MAGNA 1.2 KAPPA VTVT
Hyundai,GRAND I10,1.2 KAPPA ASTA,0,0,06-01-2018,36735,1,625000,3,Hyundai GRAND I10 1.2 KAPPA ASTA
Honda,AMAZE,1.2 VXMT I VTEC,0,0,08-01-2015,44043,1,565000,0,Honda AMAZE 1.2 VXMT I VTEC
Honda,JAZZ,1.2 S I VTEC,0,0,09-01-2016,64046,1,585000,15,Honda JAZZ 1.2 S I VTEC
Hyundai,ELITE I20,SPORTZ 1.2,0,0,03-01-2019,25655,1,785000,7,Hyundai ELITE I20 SPORTZ 1.2
Hyundai,VERNA,1.6 CRDI S,0,0,09-01-2015,84310,1,695000,10,Hyundai VERNA 1.6 CRDI S
Honda,AMAZE,1.2 SMT I VTEC,0,0,10-01-2018,54859,1,675000,1,Honda AMAZE 1.2 SMT I VTEC
Honda,WR V,VX MT PETROL,0,0,10-01-2018,51346,1,875000,1,Honda WR V VX MT PETROL
Tata,TIAGO,REVOTRON XZ PLUS,0,0,03-01-2019,60937,1,610000,1,Tata TIAGO REVOTRON XZ PLUS
Maruti Suzuki,SWIFT DZIRE,VXI,0,0,07-01-2017,24121,1,675000,1,Maruti Suzuki SWIFT DZIRE VXI
Honda,WR V,VX MT PETROL,0,0,02-01-2019,35298,1,885000,1,Honda WR V VX MT PETROL
Hyundai,VENUE,SX PLUS 1.0 TURBO DCT,0,0,11-01-2019,42138,1,1075000,16,Hyundai VENUE SX PLUS 1.0 TURBO DCT
Maruti Suzuki,CELERIO,VXI AMT,0,0,05-01-2015,50708,2,445000,17,Maruti Suzuki CELERIO VXI AMT
Maruti Suzuki,ZEN ESTILO,VXI,0,0,04-01-2009,85211,1,240000,18,Maruti Suzuki ZEN ESTILO VXI
Tata,TIGOR(2018-2020),REVOTORQ XM,0,0,10-01-2018,13101,1,625000,1,Tata TIGOR(2018-2020) REVOTORQ XM
Volkswagen,POLO(2012-2014),TRENDLINE 1.2L D,0,0,03-01-2013,75046,1,475000,1,Volkswagen POLO(2012-2014) TRENDLINE 1.2L D
Mahindra,XUV500,W6,0,0,10-01-2014,59619,1,895000,4,Mahindra XUV500 W6
Mahindra,KUV100,K4 PLUS 5 SEATER PETROL,0,0,03-01-2016,62001,1,455000,1,Mahindra KUV100 K4 PLUS 5 SEATER PETROL
Ford,FIGO(2012-2015),DURATORQ DIESEL EXI 1.4,0,0,08-01-2012,155000,2,275000,1,Ford FIGO(2012-2015) DURATORQ DIESEL EXI 1.4
Renault,TRIBER,RXZ,0,0,11-01-2019,20796,1,725000,7,Renault TRIBER RXZ
Tata,ALTROZ,XZ PETROL,0,0,07-01-2022,7779,1,895000,10,Tata ALTROZ XZ PETROL
Honda,JAZZ,1.2 V CVT I VTEC BSIV,0,0,09-01-2015,39145,1,625000,10,Honda JAZZ 1.2 V CVT I VTEC BSIV
Maruti Suzuki,WAGON R 1.0,VXI + O,0,0,07-01-2018,62139,1,550000,1,Maruti Suzuki WAGON R 1.0 VXI + O
Honda,CITY,1.5 V AT,0,1,05-01-2012,50130,2,549000,19,Honda CITY 1.5 V AT
Ford,FIGO,EXI DURATEC 1.2,0,0,03-01-2011,53230,1,285000,0,Ford FIGO EXI DURATEC 1.2
Kia,SELTOS,1.5 IVT HTX,0,0,11-01-2019,33227,1,1400000,10,Kia SELTOS 1.5 IVT HTX
Maruti Suzuki,CELERIO X,ZXI AMT(O),0,0,07-01-2018,30588,1,570000,2,Maruti Suzuki CELERIO X ZXI AMT(O)
Mahindra,XUV500,W6 4X2,0,0,11-01-2015,104000,1,975000,10,Mahindra XUV500 W6 4X2
Volkswagen,POLO,GT TSI,0,1,03-01-2021,62700,1,875000,10,Volkswagen POLO GT TSI
Mahindra,SCORPIO,S5 2WD,0,0,01-01-2018,133320,1,1020000,4,Mahindra SCORPIO S5 2WD
Maruti Suzuki,BALENO,ZETA 1.2,0,0,01-01-2017,50041,1,735000,3,Maruti Suzuki BALENO ZETA 1.2
Hyundai,CRETA,SX 1.6 (O) PETROL,0,0,06-01-2018,31516,1,1275000,10,Hyundai CRETA SX 1.6 (O) PETROL
Hyundai,I20,ASTA 1.2 O,0,0,12-01-2016,58437,1,695000,1,Hyundai I20 ASTA 1.2 O
Hyundai,I20,SPORTZ 1.4 CRDI,0,0,08-01-2013,74960,2,475000,10,Hyundai I20 SPORTZ 1.4 CRDI
Maruti Suzuki,SWIFT,ZXI,0,0,02-01-2021,49808,1,750000,10,Maruti Suzuki SWIFT ZXI
Tata,TIGOR,REVOTRON XZA,0,0,10-01-2018,32073,1,645000,1,Tata TIGOR REVOTRON XZA
Volkswagen,AMEO,HIGHLINE 1.2L PLUS (P),0,0,11-01-2016,33135,1,595000,10,Volkswagen AMEO HIGHLINE 1.2L PLUS (P)
Nissan,MICRA ACTIVE,XV,0,0,05-01-2016,44515,1,425000,3,Nissan MICRA ACTIVE XV
Ford,FIGO ASPIRE,"TREND
 1.5",0,0,03-01-2016,137388,1,395000,0,"Ford FIGO ASPIRE TREND
 1.5"
Maruti Suzuki,SWIFT,VXI 1.2 BS IV,0,0,11-01-2018,47129,1,735000,2,Maruti Suzuki SWIFT VXI 1.2 BS IV
Hyundai,I20,SPORTZ 1.4 CRDI,0,0,06-01-2014,108000,2,495000,10,Hyundai I20 SPORTZ 1.4 CRDI
Volkswagen,POLO,GT TSI 1.2 PETROL AT,0,0,07-01-2017,63088,2,900000,10,Volkswagen POLO GT TSI 1.2 PETROL AT
Hyundai,ELITE I20,SPORTZ 1.2,0,0,06-01-2016,45607,1,695000,1,Hyundai ELITE I20 SPORTZ 1.2
Ford,ECOSPORT(2017-2019),TREND 1.5L TDCI,0,0,10-01-2018,63212,1,985000,9,Ford ECOSPORT(2017-2019) TREND 1.5L TDCI
Nissan,KICKS,XV 1.5,0,0,01-01-2019,40924,1,795000,10,Nissan KICKS XV 1.5
Hyundai,SANTRO,1.1 LS,0,0,11-01-2003,86140,1,165000,0,Hyundai SANTRO 1.1 LS
Maruti Suzuki,S PRESSO,VXI(O)AMT,0,0,07-01-2022,3299,1,595000,20,Maruti Suzuki S PRESSO VXI(O)AMT
Hyundai,EON,D LITE PLUS,0,0,10-01-2012,62467,2,275000,10,Hyundai EON D LITE PLUS
Hyundai,CRETA,1.6 SX PLUS AT PETROL,0,0,11-01-2017,97335,1,925000,0,Hyundai CRETA 1.6 SX PLUS AT PETROL
Ford,ECOSPORT,TREND 1.5 TI VCT,0,0,11-01-2013,63264,1,525000,10,Ford ECOSPORT TREND 1.5 TI VCT
Ford,ECOSPORT,TITANIUM 1.5 TI VCT,0,0,05-01-2015,76700,2,589000,21,Ford ECOSPORT TITANIUM 1.5 TI VCT
Nissan,MICRA,XE PETROL,0,0,01-01-2011,61431,1,295000,7,Nissan MICRA XE PETROL
Mahindra,XUV300,W6 DIESEL,0,0,08-01-2021,17193,1,1125000,1,Mahindra XUV300 W6 DIESEL
Honda,JAZZ,1.2 VX I VTEC,0,0,01-01-2017,49165,1,685000,22,Honda JAZZ 1.2 VX I VTEC
Ford,FIGO,TITANIUM 1.2,0,0,11-01-2015,55950,1,545000,1,Ford FIGO TITANIUM 1.2
Ford,ECOSPORT,TITANIUM + 1.0L ECOBOOST BLACK EDITION,0,0,10-01-2016,68778,1,675000,4,Ford ECOSPORT TITANIUM + 1.0L ECOBOOST BLACK EDITION
Mahindra,KUV100,K8 6 SEATER DIESEL,0,0,12-01-2016,45815,1,495000,10,Mahindra KUV100 K8 6 SEATER DIESEL
Maruti Suzuki,SWIFT,VXI,0,0,03-01-2018,50159,1,665000,23,Maruti Suzuki SWIFT VXI
Honda,CITY,SV CVT PETROL,0,1,07-01-2014,48325,1,750000,10,Honda CITY SV CVT PETROL
Maruti Suzuki,CIAZ,ALPHA 1.5 MT,0,0,11-01-2019,25029,1,900000,3,Maruti Suzuki CIAZ ALPHA 1.5 MT
Mahindra,SCORPIO,S10,0,0,12-01-2015,195575,1,895000,0,Mahindra SCORPIO S10
Tata,TIAGO,XZA 1.2 RTN BS4,0,0,04-01-2019,20361,2,645000,9,Tata TIAGO XZA 1.2 RTN BS4
Maruti Suzuki,SWIFT,VXI,0,0,10-01-2014,60642,2,535000,10,Maruti Suzuki SWIFT VXI
Ford,FIGO,ZXI DURATORQ 1.4,0,0,03-01-2013,122790,2,295000,2,Ford FIGO ZXI DURATORQ 1.4
Maruti Suzuki,SWIFT,VXI 1.2 BS IV,0,0,01-01-2016,30728,1,595000,10,Maruti Suzuki SWIFT VXI 1.2 BS IV
Renault,KWID,1.0 RXL,0,0,01-01-2016,30279,1,345000,1,Renault KWID 1.0 RXL
Bmw,X1(2010-2012),SDRIVE20D M SPORT,0,0,06-01-2011,71653,3,850000,10,Bmw X1(2010-2012) SDRIVE20D M SPORT
Renault,KWID,1.0 RXT AMT O,0,0,10-01-2018,24191,1,495000,0,Renault KWID 1.0 RXT AMT O
Tata,ALTROZ,XZ PETROL,0,0,01-01-2020,20153,1,825000,1,Tata ALTROZ XZ PETROL
Renault,KWID,1.0 RXT,0,0,08-01-2016,19126,1,395000,9,Renault KWID 1.0 RXT
Maruti Suzuki,RITZ,LXI BS IV,0,0,04-01-2012,60060,2,335000,10,Maruti Suzuki RITZ LXI BS IV
Maruti Suzuki,CIAZ,ALPHA 1.4 MT,0,0,08-01-2017,26416,1,795000,15,Maruti Suzuki CIAZ ALPHA 1.4 MT
Hyundai,EON,ERA PLUS,0,0,03-01-2016,56417,1,290000,24,Hyundai EON ERA PLUS
Renault,KWID,1.0 RXT O,0,0,11-01-2016,28107,2,365000,9,Renault KWID 1.0 RXT O
Maruti Suzuki,CELERIO,ZXI MT,0,0,12-01-2014,53488,1,372000,2,Maruti Suzuki CELERIO ZXI MT
Honda,AMAZE,1.2VXMTIVTEC,0,0,03-01-2019,45529,1,775000,2,Honda AMAZE 1.2VXMTIVTEC
Maruti Suzuki,S PRESSO,VXI(O),0,0,06-01-2022,42260,1,500000,10,Maruti Suzuki S PRESSO VXI(O)
Ford,ECOSPORT(2021-2022),TITANIUM + MT SPORTS DIESEL,0,0,04-01-2021,45400,1,1085000,4,Ford ECOSPORT(2021-2022) TITANIUM + MT SPORTS DIESEL
Maruti Suzuki,BALENO,ZETA,0,0,02-01-2021,38966,1,850000,14,Maruti Suzuki BALENO ZETA
Tata,NEXON,XM,0,0,09-01-2018,53647,1,825000,10,Tata NEXON XM
Honda,JAZZ,1.2 VX I VTEC,0,0,09-01-2015,67650,2,545000,9,Honda JAZZ 1.2 VX I VTEC
Hyundai,GRAND I10(2013-2017),ASTA AT 1.2 KAPPA VTVT O,0,0,06-01-2016,46767,2,595000,2,Hyundai GRAND I10(2013-2017) ASTA AT 1.2 KAPPA VTVT O
Maruti Suzuki,EECO,5 STR WITH AC PLUSHTR,0,0,09-01-2017,55231,1,425000,3,Maruti Suzuki EECO 5 STR WITH AC PLUSHTR
Volkswagen,AMEO,HIGHLINE DIESEL,0,0,10-01-2016,70336,1,625000,25,Volkswagen AMEO HIGHLINE DIESEL
Hyundai,CRETA,SX 1.5 PETROL,0,0,06-01-2021,24468,1,1425000,10,Hyundai CRETA SX 1.5 PETROL
Hyundai,ELITE I20,MAGNA PLUS 1.2,0,0,06-01-2019,47615,1,650000,2,Hyundai ELITE I20 MAGNA PLUS 1.2
Hyundai,ELITE I20,ASTA 1.2,0,1,06-01-2017,34337,1,700000,2,Hyundai ELITE I20 ASTA 1.2
Mahindra,XYLO,H8 ABS BS IV,0,0,10-01-2014,116959,1,475000,4,Mahindra XYLO H8 ABS BS IV
Ford,ECOSPORT,TITANIUM 1.5 TI VCT,0,0,08-01-2016,94390,1,585000,9,Ford ECOSPORT TITANIUM 1.5 TI VCT
Maruti Suzuki,BALENO,ALPHA 1.2,0,0,04-01-2018,30149,1,750000,3,Maruti Suzuki BALENO ALPHA 1.2
Renault,DUSTER,RXL PETROL,0,0,01-01-2018,35599,1,815000,14,Renault DUSTER RXL PETROL
Ford,ASPIRE,TITANIUM 1.2 TI-VCT O,0,0,09-01-2015,36961,1,495000,1,Ford ASPIRE TITANIUM 1.2 TI-VCT O
Ford,ASPIRE(2015_2018),TITANIUM 1.5 TI-VCT AT,0,0,12-01-2015,50130,1,545000,24,Ford ASPIRE(2015_2018) TITANIUM 1.5 TI-VCT AT
Hyundai,CRETA,EX 1.5 PETROL,0,0,01-01-2021,54260,1,1175000,26,Hyundai CRETA EX 1.5 PETROL
Mahindra,BOLERO,POWER PLUS ZLX,0,0,09-01-2018,82484,1,885000,27,Mahindra BOLERO POWER PLUS ZLX
Hyundai,ELITE I20,ASTA O 1.2,0,0,04-01-2018,48899,2,830000,1,Hyundai ELITE I20 ASTA O 1.2
Maruti Suzuki,CELERIO,VXI AMT,0,0,04-01-2017,47538,1,545000,2,Maruti Suzuki CELERIO VXI AMT
Ford,FIGO,BASE 1.2 TI-VCT,0,0,11-01-2015,43563,1,455000,4,Ford FIGO BASE 1.2 TI-VCT
Datsun,GO,T O,0,0,01-01-2017,37773,1,345000,2,Datsun GO T O
Maruti Suzuki,BALENO,ZETA,0,0,09-01-2019,45216,1,750000,28,Maruti Suzuki BALENO ZETA
Tata,TIAGO,XZ 1.2 RTN BS4,0,0,10-01-2017,11951,1,585000,1,Tata TIAGO XZ 1.2 RTN BS4
Hyundai,I20,ASTA 1.4 CRDI,0,0,11-01-2017,68017,1,795000,3,Hyundai I20 ASTA 1.4 CRDI
Tata,TIAGO,REVOTRON XZA,0,0,08-01-2018,48928,1,595000,1,Tata TIAGO REVOTRON XZA
Maruti Suzuki,RITZ,GENUS VDI,0,0,10-01-2010,94675,2,345000,3,Maruti Suzuki RITZ GENUS VDI
Hyundai,I20(2012-2014),ASTA 1.2,0,0,09-01-2014,61207,1,495000,0,Hyundai I20(2012-2014) ASTA 1.2
Ford,ECOSPORT,TITANIUM 1.5 TDCI,0,0,03-01-2017,52126,2,765000,7,Ford ECOSPORT TITANIUM 1.5 TDCI
Renault,KWID(2015_2019),1.0 RXT AMT O,0,0,11-01-2016,25351,1,435000,1,Renault KWID(2015_2019) 1.0 RXT AMT O
Maruti Suzuki,CELERIO,ZXI MT,0,0,06-01-2018,93544,1,470000,29,Maruti Suzuki CELERIO ZXI MT
Honda,CITY,SV MT PETROL,0,0,01-01-2017,48302,1,700000,9,Honda CITY SV MT PETROL
Skoda,RAPID,1.5 TDI CR AMBITION,0,0,10-01-2016,124654,1,535000,0,Skoda RAPID 1.5 TDI CR AMBITION
Maruti Suzuki,CELERIO,ZXI MT,0,0,11-01-2014,25823,1,425000,2,Maruti Suzuki CELERIO ZXI MT
Maruti Suzuki,WAGON R 1.0,VXI + AMT,0,0,03-01-2018,32079,1,550000,0,Maruti Suzuki WAGON R 1.0 VXI + AMT
Maruti Suzuki,CELERIO,ZXI MT,0,0,04-01-2018,35379,1,525000,10,Maruti Suzuki CELERIO ZXI MT
Maruti Suzuki,SWIFT DZIRE,ZDI,0,0,12-01-2014,90535,1,600000,2,Maruti Suzuki SWIFT DZIRE ZDI
Hyundai,VENUE,SX O 1.0 TURBO IMT,0,0,06-01-2021,45340,1,950000,10,Hyundai VENUE SX O 1.0 TURBO IMT
Hyundai,AURA,S 1.2 CNG PETROL,3,0,01-01-2020,34866,1,855000,10,Hyundai AURA S 1.2 CNG PETROL
Hyundai,ELANTRA,L MT,0,0,03-01-2014,69165,1,650000,10,Hyundai ELANTRA L MT
Mahindra,XUV300,1.5 W8 (O) AMT BS-VI,0,0,05-01-2020,34937,1,1251000,1,Mahindra XUV300 1.5 W8 (O) AMT BS-VI
Maruti Suzuki,VITARA BREZZA,ZDI,0,0,10-01-2018,57868,1,921000,1,Maruti Suzuki VITARA BREZZA ZDI
Honda,JAZZ,1.2 ZX MT (I-VTEC),0,0,09-01-2021,10000,1,991000,10,Honda JAZZ 1.2 ZX MT (I-VTEC)
Mahindra,SCORPIO,S8,0,0,10-01-2014,110000,2,861000,3,Mahindra SCORPIO S8
Maruti Suzuki,SWIFT,ZXI,0,0,10-01-2016,65000,1,581000,19,Maruti Suzuki SWIFT ZXI
Volkswagen,VENTO,DIESEL STYLE,0,0,10-01-2014,80000,2,471000,2,Volkswagen VENTO DIESEL STYLE
Honda,CITY ZX,VTEC,0,0,08-01-2008,50000,3,255000,9,Honda CITY ZX VTEC
Hyundai,VERNA,FLUIDIC 1.6 SX VTVT,0,0,04-01-2017,32115,2,750000,10,Hyundai VERNA FLUIDIC 1.6 SX VTVT
Maruti Suzuki,SWIFT DZIRE,ZDI AT,0,0,02-01-2018,79650,1,775000,30,Maruti Suzuki SWIFT DZIRE ZDI AT
Toyota,ETIOS,V,0,0,10-01-2012,120000,1,360000,0,Toyota ETIOS V
Maruti Suzuki,S CROSS,1.3 ZETA,0,0,05-01-2017,21435,1,825000,10,Maruti Suzuki S CROSS 1.3 ZETA
Hyundai,ELITE I20(2018-2019),ASTA 1.4 O CRDI,0,0,11-01-2019,73536,1,800000,1,Hyundai ELITE I20(2018-2019) ASTA 1.4 O CRDI
Ford,ECOSPORT,TREND + 1.5L TI-VCT AT,0,0,01-01-2019,60848,1,775000,0,Ford ECOSPORT TREND + 1.5L TI-VCT AT
Volkswagen,TAIGUN,TOPLINE 1.0 TSI AT,0,0,10-01-2021,24137,1,1700000,2,Volkswagen TAIGUN TOPLINE 1.0 TSI AT
Maruti Suzuki,WAGON R 1.0,LXI,0,0,03-01-2016,50000,1,385000,10,Maruti Suzuki WAGON R 1.0 LXI
Volkswagen,VENTO,HIGHLINE 1.6 PETROL,0,0,01-01-2016,36531,1,620000,0,Volkswagen VENTO HIGHLINE 1.6 PETROL
Honda,BRIO,EX MT,0,0,07-01-2013,79640,1,315000,31,Honda BRIO EX MT
Hyundai,I20,MAGNA O 1.2,0,0,09-01-2013,80998,1,450000,10,Hyundai I20 MAGNA O 1.2
Volkswagen,POLO,COMFORTLINE 1.2L PETROL,0,0,01-01-2016,57377,1,600000,1,Volkswagen POLO COMFORTLINE 1.2L PETROL
Tata,TIAGO,XZ PLUS CNG,3,0,01-01-2022,25620,1,780000,2,Tata TIAGO XZ PLUS CNG
Honda,AMAZE,1.2 SAT I VTEC,0,1,06-01-2018,33887,1,740000,9,Honda AMAZE 1.2 SAT I VTEC
Maruti Suzuki,SWIFT DZIRE,VXI,0,0,01-01-2016,42291,1,575000,10,Maruti Suzuki SWIFT DZIRE VXI
Maruti Suzuki,CELERIO(2017-2019),ZXI,0,0,12-01-2018,26905,2,530000,14,Maruti Suzuki CELERIO(2017-2019) ZXI
Honda,WR V,S MT PETROL,0,0,02-01-2019,15085,1,775000,1,Honda WR V S MT PETROL
Honda,WR V,VX MT PETROL,0,0,01-01-2018,38236,1,820000,0,Honda WR V VX MT PETROL
Hyundai,CRETA,1.4 CRDI S PLUS,0,0,07-01-2016,88115,1,950000,14,Hyundai CRETA 1.4 CRDI S PLUS
Jeep,COMPASS,LONGITUDE 2.0 DIESEL,0,0,05-01-2017,93235,1,1349000,10,Jeep COMPASS LONGITUDE 2.0 DIESEL
Hyundai,VENUE(2020-2022),SX O 1.5 CRDI EXECUTIVE,0,0,11-01-2021,52535,1,1180000,14,Hyundai VENUE(2020-2022) SX O 1.5 CRDI EXECUTIVE
Mahindra,XUV500,W6,0,0,08-01-2014,120989,1,625000,32,Mahindra XUV500 W6
Maruti Suzuki,ALTO 800,LXI,0,0,12-01-2016,39112,1,310000,17,Maruti Suzuki ALTO 800 LXI
Maruti Suzuki,VITARA BREZZA,ZDI AMT,0,0,01-01-2020,52170,1,1025000,10,Maruti Suzuki VITARA BREZZA ZDI AMT
Maruti Suzuki,CIAZ,ALPHA 1.4 MT,0,0,11-01-2017,48500,1,740000,0,Maruti Suzuki CIAZ ALPHA 1.4 MT
Kia,SELTOS,HTK 1.5 DIESEL,0,0,11-01-2019,16594,1,1350000,1,Kia SELTOS HTK 1.5 DIESEL
Maruti Suzuki,BALENO,ALPHA 1.2,0,0,01-01-2016,34587,1,625000,3,Maruti Suzuki BALENO ALPHA 1.2
Honda,CITY,VX MT DIESEL,0,0,09-01-2015,90330,2,730000,9,Honda CITY VX MT DIESEL
Hyundai,I10,SPORTZ 1.2 AT KAPPA2,0,1,08-01-2012,640000,1,350000,0,Hyundai I10 SPORTZ 1.2 AT KAPPA2
Honda,CITY,V MT DIESEL,0,0,02-01-2015,87415,2,650000,1,Honda CITY V MT DIESEL
Honda,AMAZE,1.5 EMT I DTEC,0,0,06-01-2013,79500,1,440000,0,Honda AMAZE 1.5 EMT I DTEC
Skoda,RAPID,ELEGANCE 1.6 MPFI AT,0,1,06-01-2017,71669,1,725000,1,Skoda RAPID ELEGANCE 1.6 MPFI AT
Maruti Suzuki,WAGON R 1.0,LXI CNG,3,0,08-01-2013,82000,1,399000,3,Maruti Suzuki WAGON R 1.0 LXI CNG
Honda,BRIO,S MT,0,0,12-01-2014,78422,1,375000,10,Honda BRIO S MT
Hyundai,GRAND I10 NIOS(2019-2023),SPORTZ 1.2 KAPPA VTVT CNG,3,0,02-01-2021,62075,1,700000,2,Hyundai GRAND I10 NIOS(2019-2023) SPORTZ 1.2 KAPPA VTVT CNG
Mahindra,XUV500,W9,0,0,10-01-2019,76547,1,1550000,10,Mahindra XUV500 W9
Maruti Suzuki,WAGON R,LXI,0,0,12-01-2009,74000,2,220000,3,Maruti Suzuki WAGON R LXI
Volkswagen,VENTO,HIGHLINE 1.6 PETROL,0,0,01-01-2011,63000,2,350000,4,Volkswagen VENTO HIGHLINE 1.6 PETROL
Maruti Suzuki,BALENO,DELTA 1.3,0,0,09-01-2017,89802,1,650000,1,Maruti Suzuki BALENO DELTA 1.3
Maruti Suzuki,SWIFT,VXI,0,0,09-01-2017,53471,1,525000,10,Maruti Suzuki SWIFT VXI
Volkswagen,VENTO,HIGHLINE PETROL AT,0,1,11-01-2010,71000,2,340000,4,Volkswagen VENTO HIGHLINE PETROL AT
Maruti Suzuki,DZIRE,VXI AMT,0,0,05-01-2019,41139,1,790000,2,Maruti Suzuki DZIRE VXI AMT
Maruti Suzuki,BALENO,DELTA,0,0,04-01-2016,33198,2,550000,2,Maruti Suzuki BALENO DELTA
Hyundai,AURA,SX PLUS 1.2 AMT PETROL,0,0,11-01-2020,22821,1,790000,2,Hyundai AURA SX PLUS 1.2 AMT PETROL
Volkswagen,POLO,HIGHLINE PLUS 1.0 P,0,0,10-01-2019,32106,1,720000,9,Volkswagen POLO HIGHLINE PLUS 1.0 P
Maruti Suzuki,BALENO,DELTA,0,0,01-01-2018,43814,1,650000,0,Maruti Suzuki BALENO DELTA
Maruti Suzuki,WAGON R 1.0,VXI,0,0,10-01-2012,80876,2,295000,10,Maruti Suzuki WAGON R 1.0 VXI
Volkswagen,POLO,COMFORTLINE 1.2L PETROL,0,0,06-01-2013,62804,1,435000,10,Volkswagen POLO COMFORTLINE 1.2L PETROL
Maruti Suzuki,SWIFT DZIRE,ZDI AT,0,0,01-01-2017,83000,1,749000,0,Maruti Suzuki SWIFT DZIRE ZDI AT
Mg,HECTOR,SHARP 1.5 DCT PETROL,0,0,09-01-2019,82679,1,1470000,10,Mg HECTOR SHARP 1.5 DCT PETROL
Hyundai,GRAND I10,1.2 KAPPA SPORTZ,0,0,10-01-2019,38024,1,600000,2,Hyundai GRAND I10 1.2 KAPPA SPORTZ
Mahindra,XUV500,W9,0,0,08-01-2018,74400,1,1380000,10,Mahindra XUV500 W9
Tata,TIAGO,XT,0,0,05-01-2017,37042,1,495000,3,Tata TIAGO XT
Maruti Suzuki,BALENO,DELTA (A/T),0,0,01-01-2019,24125,1,690000,2,Maruti Suzuki BALENO DELTA (A/T)
Tata,TIAGO,REVOTRON XZ PLUS,0,0,08-01-2021,45390,1,625000,10,Tata TIAGO REVOTRON XZ PLUS
Maruti Suzuki,ERTIGA,VXI,0,0,10-01-2016,36617,1,780000,10,Maruti Suzuki ERTIGA VXI
Mahindra,XUV300,W8 OPTIONAL PETROL,0,0,01-01-2021,41683,1,1125000,10,Mahindra XUV300 W8 OPTIONAL PETROL
Renault,KWID,CLIMBER 1.0,0,0,11-01-2018,31683,1,400000,3,Renault KWID CLIMBER 1.0
Tata,TIAGO,XM DIESEL,0,0,08-01-2016,81788,1,450000,3,Tata TIAGO XM DIESEL
Maruti Suzuki,VITARA BREZZA,ZDI+,0,0,11-01-2019,99000,1,921000,1,Maruti Suzuki VITARA BREZZA ZDI+
Maruti Suzuki,VITARA BREZZA,VDI,0,0,01-01-2019,32976,1,950000,28,Maruti Suzuki VITARA BREZZA VDI
Renault,DUSTER,85 PS RXS 4X2 MT,0,0,06-01-2017,102000,2,735000,7,Renault DUSTER 85 PS RXS 4X2 MT
Hyundai,EON,D LITE PLUS,0,0,09-01-2014,49917,1,250000,25,Hyundai EON D LITE PLUS
Hyundai,ELITE I20,SPORTZ 1.2,0,0,03-01-2018,87944,1,675000,0,Hyundai ELITE I20 SPORTZ 1.2
Honda,CITY,1.5 V MT,0,0,11-01-2010,91000,2,300000,4,Honda CITY 1.5 V MT
Maruti Suzuki,CIAZ,VDI MT SHVS,0,0,04-01-2017,45000,1,700000,9,Maruti Suzuki CIAZ VDI MT SHVS
Hyundai,AURA,SX PLUS 1.2 AMT PETROL,0,0,01-01-2021,15634,1,850000,2,Hyundai AURA SX PLUS 1.2 AMT PETROL
Maruti Suzuki,WAGON R 1.0,LXI CNG,3,0,05-01-2014,102197,2,350000,10,Maruti Suzuki WAGON R 1.0 LXI CNG
Audi,A4,2.0 TDI 140BHP STANDARD,0,0,05-01-2013,96000,2,1300000,10,Audi A4 2.0 TDI 140BHP STANDARD
Maruti Suzuki,CELERIO X,ZXI AMT,0,0,12-01-2017,58771,1,550000,10,Maruti Suzuki CELERIO X ZXI AMT
Hyundai,CRETA,CRDI 1.4 E PLUS,0,0,01-01-2016,170758,2,925000,4,Hyundai CRETA CRDI 1.4 E PLUS
Maruti Suzuki,ALTO K10,VXI,0,0,05-01-2018,71000,2,350000,10,Maruti Suzuki ALTO K10 VXI
Maruti Suzuki,ERTIGA,VXI,0,0,02-01-2014,95509,1,650000,10,Maruti Suzuki ERTIGA VXI
Tata,NEXON,XZA PLUS DIESEL,0,0,03-01-2019,95547,1,850000,33,Tata NEXON XZA PLUS DIESEL
Hyundai,I10,MAGNA 1.2,0,0,03-01-2010,54662,1,280000,10,Hyundai I10 MAGNA 1.2
Hyundai,ELANTRA,2.0 SX O AT,0,0,02-01-2018,69000,2,910000,14,Hyundai ELANTRA 2.0 SX O AT
Mahindra,TUV 300,T10 AMT DUAL TONE,0,0,06-01-2017,86183,1,850000,29,Mahindra TUV 300 T10 AMT DUAL TONE
Maruti Suzuki,WAGON R 1.0,LXI CNG,3,0,01-01-2017,81236,1,530000,10,Maruti Suzuki WAGON R 1.0 LXI CNG
Hyundai,I20,SPORTZ 1.2 O,0,0,04-01-2015,64462,2,480000,10,Hyundai I20 SPORTZ 1.2 O
Maruti Suzuki,VITARA BREZZA,VDI AMT,0,0,05-01-2019,69768,1,900000,1,Maruti Suzuki VITARA BREZZA VDI AMT
Tata,MANZA(2011_2015),EX QUADRAJET,0,0,12-01-2013,46624,2,365000,34,Tata MANZA(2011_2015) EX QUADRAJET
Maruti Suzuki,SWIFT,VXI,0,0,01-01-2022,32547,1,725000,2,Maruti Suzuki SWIFT VXI
Maruti Suzuki,CELERIO,ZXI AMT,0,0,08-01-2017,23035,1,525000,2,Maruti Suzuki CELERIO ZXI AMT
Maruti Suzuki,SWIFT DZIRE,1.3 VDI AMT,0,0,03-01-2018,43252,1,825000,10,Maruti Suzuki SWIFT DZIRE 1.3 VDI AMT
Maruti Suzuki,EECO,5 STR CNG WITH AC PLUSHTR,3,0,01-01-2018,40267,1,525000,0,Maruti Suzuki EECO 5 STR CNG WITH AC PLUSHTR
Mahindra,XUV300,W8 DIESEL,0,0,06-01-2021,69143,1,1125000,0,Mahindra XUV300 W8 DIESEL
Hyundai,I10,SPORTZ 1.2 KAPPA2,0,0,06-01-2013,17527,1,350000,1,Hyundai I10 SPORTZ 1.2 KAPPA2
Maruti Suzuki,SWIFT DZIRE,VXI,0,0,10-01-2008,122145,3,225000,3,Maruti Suzuki SWIFT DZIRE VXI
Maruti Suzuki,BALENO,DELTA 1.2,0,0,08-01-2017,41814,1,625000,2,Maruti Suzuki BALENO DELTA 1.2
Hyundai,VERNA,1.6 CRDI SX,0,0,03-01-2018,49261,1,1050000,4,Hyundai VERNA 1.6 CRDI SX
Hyundai,I20,SPORTZ 1.2,0,0,03-01-2021,16694,1,850000,10,Hyundai I20 SPORTZ 1.2
Mahindra,SCORPIO,S11 2WD,0,0,09-01-2018,126307,1,1350000,0,Mahindra SCORPIO S11 2WD
Maruti Suzuki,SWIFT,VDI,0,0,03-01-2019,46703,1,800000,10,Maruti Suzuki SWIFT VDI
Maruti Suzuki,CELERIO,VXI AMT,0,0,10-01-2014,36433,1,395000,0,Maruti Suzuki CELERIO VXI AMT
Volkswagen,VENTO,HIGHLINE 1.2 PETROL AT,0,0,02-01-2016,65950,1,640000,14,Volkswagen VENTO HIGHLINE 1.2 PETROL AT
Bmw,X1(2010-2012),SDRIVE20D M SPORT,0,0,03-01-2011,104000,4,500000,3,Bmw X1(2010-2012) SDRIVE20D M SPORT
Tata,TIGOR,REVOTORQ XT,0,0,03-01-2018,58287,1,585000,1,Tata TIGOR REVOTORQ XT
Honda,CITY(2017-2020),SV PETROL,0,0,07-01-2017,106118,1,680000,1,Honda CITY(2017-2020) SV PETROL
Ford,ECOSPORT,TITANIUM 1.5 TDCI,0,0,05-01-2016,91160,1,670000,27,Ford ECOSPORT TITANIUM 1.5 TDCI
Mahindra,BOLERO,DI,0,0,01-01-2012,80692,1,480000,2,Mahindra BOLERO DI
Hyundai,GRAND I10,SPORTZ O U2 1.2 CRDI,0,0,07-01-2017,76050,1,530000,1,Hyundai GRAND I10 SPORTZ O U2 1.2 CRDI
Ford,ECOSPORT(2017-2019),TITANIUM + 1.5L TDCI,0,0,09-01-2018,50495,1,905000,1,Ford ECOSPORT(2017-2019) TITANIUM + 1.5L TDCI
Mahindra,TUV 300,T8,0,0,07-01-2016,38936,2,730000,4,Mahindra TUV 300 T8
Hyundai,GRAND I10,1.2 KAPPA ASTA O,0,0,02-01-2017,62560,1,510000,10,Hyundai GRAND I10 1.2 KAPPA ASTA O
Volkswagen,POLO,GT TDI,0,0,01-01-2014,57970,1,595000,10,Volkswagen POLO GT TDI
Volkswagen,VENTO,HIGHLINE 1.5 DIESEL AT,0,0,12-01-2016,95642,1,850000,10,Volkswagen VENTO HIGHLINE 1.5 DIESEL AT
Maruti Suzuki,WAGON R,LXI,0,0,12-01-2017,85319,1,475000,0,Maruti Suzuki WAGON R LXI
Mahindra,XUV500,W7,0,0,06-01-2019,34833,1,1350000,0,Mahindra XUV500 W7
Toyota,INNOVA(2012-2013),2.5 V 7 STR,0,0,02-01-2012,177666,1,790000,0,Toyota INNOVA(2012-2013) 2.5 V 7 STR
Mahindra,VERITO(2011-2012),1.5 D2 BS-IV,0,0,01-01-2012,41575,1,275000,0,Mahindra VERITO(2011-2012) 1.5 D2 BS-IV
Mahindra,TUV 300,T8 AMT,0,0,08-01-2016,32763,2,750000,29,Mahindra TUV 300 T8 AMT
Volkswagen,POLO,HIGHLINE 1.5L D,0,0,05-01-2015,88413,1,560000,0,Volkswagen POLO HIGHLINE 1.5L D
Tata,NEXON,XZA PLUS DIESEL DUAL TONE,0,0,05-01-2018,41693,1,890000,29,Tata NEXON XZA PLUS DIESEL DUAL TONE
Maruti Suzuki,S CROSS,1.3 DELTA,0,0,09-01-2016,100923,2,625000,35,Maruti Suzuki S CROSS 1.3 DELTA
Mahindra,XUV 500,W10,0,0,08-01-2015,55963,1,1100000,0,Mahindra XUV 500 W10
Maruti Suzuki,SWIFT,VXI AMT,0,0,10-01-2018,12364,1,675000,1,Maruti Suzuki SWIFT VXI AMT
Maruti Suzuki,CELERIO,VXI AMT,0,0,09-01-2016,84169,1,425000,14,Maruti Suzuki CELERIO VXI AMT
Maruti Suzuki,ERTIGA,VDI,0,0,01-01-2015,54452,1,850000,10,Maruti Suzuki ERTIGA VDI
Toyota,FORTUNER,3.0 AT 4X2,0,1,02-01-2013,110255,1,1550000,10,Toyota FORTUNER 3.0 AT 4X2
Maruti Suzuki,A STAR,VXI,0,0,01-01-2014,86784,2,250000,0,Maruti Suzuki A STAR VXI
Maruti Suzuki,WAGON R,VXI 1.2 AMT BS-VI,0,0,06-01-2021,3937,1,640000,2,Maruti Suzuki WAGON R VXI 1.2 AMT BS-VI
Maruti Suzuki,SWIFT,VDI,0,0,10-01-2009,120584,2,285000,2,Maruti Suzuki SWIFT VDI
Maruti Suzuki,BALENO,ZETA AT 1.2,0,0,03-01-2017,53246,1,685000,2,Maruti Suzuki BALENO ZETA AT 1.2
Volkswagen,AMEO,COMFORTLINE PETROL,0,0,05-01-2017,51550,1,500000,9,Volkswagen AMEO COMFORTLINE PETROL
Toyota,INNOVA CRYSTA,2.8 GX AT 8 STR,0,0,08-01-2016,38072,1,1550000,9,Toyota INNOVA CRYSTA 2.8 GX AT 8 STR
Kia,SONET,HTX PLUS 1.5,0,0,02-01-2021,6270,1,1275000,22,Kia SONET HTX PLUS 1.5
Hyundai,I20,MAGNA VTV BSIV,0,0,05-01-2015,73301,1,490000,3,Hyundai I20 MAGNA VTV BSIV
Toyota,COROLLA ALTIS,1.8 G,0,0,08-01-2012,82593,2,435000,10,Toyota COROLLA ALTIS 1.8 G
Toyota,FORTUNER (2012_2016),3.0 4X2 AT,0,0,04-01-2015,130000,2,1550000,10,Toyota FORTUNER (2012_2016) 3.0 4X2 AT
Audi,A4,2.0 TDI 140BHP STANDARD,0,0,12-01-2013,55000,1,1090000,9,Audi A4 2.0 TDI 140BHP STANDARD
Isuzu,V CROSS,D MAX,0,0,09-01-2016,38805,1,1250000,10,Isuzu V CROSS D MAX
Maruti Suzuki,SWIFT(2014_2018),VDI,0,0,09-01-2017,29659,1,525000,2,Maruti Suzuki SWIFT(2014_2018) VDI
Ford,ECOSPORT,TITANIUM + 1.5L TI-VCT AT,0,0,02-01-2018,65750,1,835000,6,Ford ECOSPORT TITANIUM + 1.5L TI-VCT AT
Hyundai,CRETA,1.6 SX PLUS AT PETROL,3,1,01-01-2017,48795,1,1075000,4,Hyundai CRETA 1.6 SX PLUS AT PETROL
Jeep,COMPASS,SPORT 1.4 PETROL,0,0,07-01-2018,39136,1,1225000,2,Jeep COMPASS SPORT 1.4 PETROL
Maruti Suzuki,S PRESSO,VXI PLUS,0,0,06-01-2021,18794,1,475000,1,Maruti Suzuki S PRESSO VXI PLUS
Ford,ECOSPORT,TITANIUM 1.5 TI VCT,0,0,03-01-2016,38752,1,675000,9,Ford ECOSPORT TITANIUM 1.5 TI VCT
Skoda,OCTAVIA(2015-2017),ELEGANCE 1.8 TSI AT,0,0,06-01-2016,63758,2,1375000,0,Skoda OCTAVIA(2015-2017) ELEGANCE 1.8 TSI AT
Honda,WR V,VX MT DIESEL,0,0,10-01-2017,55900,1,735000,0,Honda WR V VX MT DIESEL
Honda,JAZZ,1.2 S I VTEC,0,0,03-01-2017,50542,1,595000,10,Honda JAZZ 1.2 S I VTEC
Ford,ECOSPORT,TITANIUM 1.5 TDCI,0,0,05-01-2018,52903,1,825000,0,Ford ECOSPORT TITANIUM 1.5 TDCI
Kia,SELTOS,GTX 1.4,0,0,11-01-2020,15722,1,1585000,36,Kia SELTOS GTX 1.4
Hyundai,CRETA,1.6 CRDI AT SX PLUS,0,1,03-01-2017,83986,1,1000000,9,Hyundai CRETA 1.6 CRDI AT SX PLUS
Mahindra,XUV 500,W10 AWD,0,0,02-01-2018,78669,1,1225000,10,Mahindra XUV 500 W10 AWD
Honda,CRV,2.4 L 4WD AVN,0,1,10-01-2014,83688,1,1090000,31,Honda CRV 2.4 L 4WD AVN
Maruti Suzuki,SWIFT DZIRE,LXI O,0,0,07-01-2015,45416,1,450000,2,Maruti Suzuki SWIFT DZIRE LXI O
Audi,A3,35 TDI TECHNOLOGY,0,1,09-01-2015,40000,2,1275000,10,Audi A3 35 TDI TECHNOLOGY
Audi,Q3(2012-2015),35 TDI PREMIUM PLUS + SUNROOF,0,0,10-01-2014,83000,1,1475000,2,Audi Q3(2012-2015) 35 TDI PREMIUM PLUS + SUNROOF
Toyota,COROLLA ALTIS(2014-2017),1.8 G AT,0,0,11-01-2014,64526,1,850000,2,Toyota COROLLA ALTIS(2014-2017) 1.8 G AT
Mahindra,XUV500(2015_2017),W9 1.99,0,0,10-01-2017,65000,1,1085000,10,Mahindra XUV500(2015_2017) W9 1.99
Honda,WR V,VX MT PETROL,0,0,04-01-2018,58519,1,870000,0,Honda WR V VX MT PETROL
Hyundai,NEW ELANTRA,1.8 SX AT,0,1,02-01-2014,98000,2,675000,10,Hyundai NEW ELANTRA 1.8 SX AT
Volvo,V40,D3 R-DESIGN,0,0,09-01-2016,76000,2,1250000,10,Volvo V40 D3 R-DESIGN
Skoda,SUPERB,ELEGANCE 1.8 TSI AT,0,0,11-01-2014,49451,1,1150000,37,Skoda SUPERB ELEGANCE 1.8 TSI AT
Renault,KWID,RXL,0,0,06-01-2019,14316,1,380000,10,Renault KWID RXL
Mahindra,XUV300,W8 DIESEL,0,0,03-01-2021,33109,1,1235000,0,Mahindra XUV300 W8 DIESEL
Toyota,COROLLA ALTIS(2017-2020),1.8 G,0,0,09-01-2019,33829,1,1375000,10,Toyota COROLLA ALTIS(2017-2020) 1.8 G
Maruti Suzuki,VITARA BREZZA,VDI O,0,0,06-01-2017,58109,1,725000,1,Maruti Suzuki VITARA BREZZA VDI O
Honda,AMAZE,1.2 VX O I-VTEC,0,0,10-01-2016,54272,1,530000,0,Honda AMAZE 1.2 VX O I-VTEC
Honda,CITY,1.5 S MT,0,0,05-01-2012,52000,1,390000,10,Honda CITY 1.5 S MT
Maruti Suzuki,CELERIO,VXI,0,0,01-01-2022,25491,1,595000,0,Maruti Suzuki CELERIO VXI
Maruti Suzuki,SWIFT DZIRE,VXI,0,0,10-01-2016,45408,1,545000,10,Maruti Suzuki SWIFT DZIRE VXI
Toyota,GLANZA(2020-2022),V,0,0,09-01-2022,11024,1,975000,10,Toyota GLANZA(2020-2022) V
Maruti Suzuki,SWIFT,VXI AMT,0,0,04-01-2021,15754,1,750000,1,Maruti Suzuki SWIFT VXI AMT
Renault,KWID,RXL,0,0,12-01-2017,45056,1,245000,10,Renault KWID RXL
Mahindra,XUV 500,W10 AT FWD,0,0,02-01-2017,46377,1,1050000,14,Mahindra XUV 500 W10 AT FWD
Volkswagen,VENTO,HIGHLINE 1.2 PETROL AT,0,0,04-01-2016,79958,1,680000,4,Volkswagen VENTO HIGHLINE 1.2 PETROL AT
Hyundai,I20,SPORTZ 1.2 BS IV,0,0,01-01-2012,90000,2,275000,0,Hyundai I20 SPORTZ 1.2 BS IV
Maruti Suzuki,BALENO,ALPHA,0,0,03-01-2022,5302,1,975000,14,Maruti Suzuki BALENO ALPHA
Mitsubishi,PAJERO SPORT,2.5 MT,0,0,11-01-2013,76000,1,850000,4,Mitsubishi PAJERO SPORT 2.5 MT
Maruti Suzuki,DZIRE,ZXI PLUS AMT,0,0,07-01-2018,55911,1,750000,2,Maruti Suzuki DZIRE ZXI PLUS AMT
Maruti Suzuki,WAGON R,LXI 1.0 (O) CNG BS-VI,3,0,06-01-2021,25582,1,625000,0,Maruti Suzuki WAGON R LXI 1.0 (O) CNG BS-VI
Mahindra,XUV500(2015_2017),W10,0,0,08-01-2015,56822,1,850000,3,Mahindra XUV500(2015_2017) W10
Honda,JAZZ,1.2 V CVT I VTEC BSIV,0,0,10-01-2016,56444,2,575000,0,Honda JAZZ 1.2 V CVT I VTEC BSIV
Honda,JAZZ,S,0,0,10-01-2015,47322,1,485000,31,Honda JAZZ S
Toyota,INNOVA CRYSTA,2.8 GX AT 7 STR,0,0,08-01-2016,68456,1,1475000,2,Toyota INNOVA CRYSTA 2.8 GX AT 7 STR
Renault,KIGER(2021-2022),RXT O MT,0,0,05-01-2022,1801,1,835000,10,Renault KIGER(2021-2022) RXT O MT
Hyundai,CRETA,1.6 VTVT SX PLUS,0,0,09-01-2018,25643,1,1325000,1,Hyundai CRETA 1.6 VTVT SX PLUS
Skoda,KUSHAQ,STYLE 1.0L TSI AT,0,0,10-01-2021,10181,1,1675000,2,Skoda KUSHAQ STYLE 1.0L TSI AT
Toyota,COROLLA ALTIS(2014-2017),1.8 G AT,0,0,04-01-2015,75000,1,890000,2,Toyota COROLLA ALTIS(2014-2017) 1.8 G AT
Honda,CITY(2011-2014),1.5 V MT,0,0,08-01-2012,68000,1,450000,1,Honda CITY(2011-2014) 1.5 V MT
Hyundai,I20,SPORTZ 1.2 BS IV,0,0,04-01-2017,30166,1,625000,0,Hyundai I20 SPORTZ 1.2 BS IV
Ford,ECOSPORT,1.5 SIGNATURE AT TIVCT,0,0,02-01-2015,64004,1,595000,0,Ford ECOSPORT 1.5 SIGNATURE AT TIVCT
Mahindra,XUV 500,W10,0,0,02-01-2017,62091,1,1050000,38,Mahindra XUV 500 W10
Hyundai,CRETA,1.4 CRDI S PLUS,0,0,09-01-2015,57380,1,825000,38,Hyundai CRETA 1.4 CRDI S PLUS
Hyundai,VERNA(2017-2020),1.6 VTVT SX,0,0,05-01-2018,48751,2,870000,4,Hyundai VERNA(2017-2020) 1.6 VTVT SX
Toyota,COROLLA ALTIS(2014-2017),1.8 VL AT,0,0,06-01-2014,110000,1,850000,10,Toyota COROLLA ALTIS(2014-2017) 1.8 VL AT
Skoda,OCTAVIA,1.8 TSI AMBITION PLUS AT,0,0,02-01-2017,56869,1,1250000,10,Skoda OCTAVIA 1.8 TSI AMBITION PLUS AT
Hyundai,ELANTRA,VTVT S 1.8 BS IV,0,0,05-01-2013,64000,1,625000,4,Hyundai ELANTRA VTVT S 1.8 BS IV
Honda,AMAZE,1.2 SMT I VTEC,0,0,05-01-2019,50898,1,595000,1,Honda AMAZE 1.2 SMT I VTEC
Skoda,OCTAVIA,ELEGANCE 1.8 TSI AT,0,1,11-01-2014,49832,1,1050000,0,Skoda OCTAVIA ELEGANCE 1.8 TSI AT
Toyota,INNOVA,2.5 GX 8 STR BS IV,0,0,01-01-2014,71063,1,875000,0,Toyota INNOVA 2.5 GX 8 STR BS IV
Mg,ASTOR,SAVVY TURBO AT,0,0,11-01-2021,9493,2,1625000,10,Mg ASTOR SAVVY TURBO AT
Tata,NEXON,XMA PETROL,0,0,01-01-2019,45555,1,750000,10,Tata NEXON XMA PETROL
Jeep,COMPASS,LIMITED 2.0 DIESEL,0,0,10-01-2017,39936,1,1190000,0,Jeep COMPASS LIMITED 2.0 DIESEL
Honda,CRV,2.4 AT,0,1,05-01-2014,75000,3,950000,0,Honda CRV 2.4 AT
Maruti Suzuki,SWIFT,VXI AMT,0,0,08-01-2022,32596,1,750000,10,Maruti Suzuki SWIFT VXI AMT
Maruti Suzuki,BALENO,ALPHA 1.2,0,0,08-01-2018,17243,1,725000,2,Maruti Suzuki BALENO ALPHA 1.2
Honda,JAZZ,1.2 V CVT I VTEC BSIV,0,0,03-01-2017,41000,2,595000,9,Honda JAZZ 1.2 V CVT I VTEC BSIV
Honda,CITY 5TH GEN,V PETROL BS-VI,0,0,02-01-2021,37838,1,1050000,0,Honda CITY 5TH GEN V PETROL BS-VI
Renault,TRIBER,RXT,0,0,02-01-2020,10064,1,660000,0,Renault TRIBER RXT
Maruti Suzuki,BALENO,DELTA,0,0,06-01-2017,33962,1,535000,1,Maruti Suzuki BALENO DELTA
Mahindra,XUV500(2017_2018),W6 AT 1.99,0,0,04-01-2017,62915,1,990000,10,Mahindra XUV500(2017_2018) W6 AT 1.99
Bmw,X1,SDRIVE 20D,0,1,12-01-2014,44300,1,1090000,7,Bmw X1 SDRIVE 20D
Audi,A3,35 TDI TECHNOLOGY + SUNROOF,0,0,12-01-2014,47549,1,1250000,10,Audi A3 35 TDI TECHNOLOGY + SUNROOF
Hyundai,CRETA,1.6 VTVT S,0,0,02-01-2016,36823,1,810000,10,Hyundai CRETA 1.6 VTVT S
Kia,SELTOS(2020-2022),HTK 1.5,0,0,08-01-2020,24518,1,1125000,10,Kia SELTOS(2020-2022) HTK 1.5
Skoda,OCTAVIA(2015-2017),ELEGANCE 1.8 TSI AT,0,0,03-01-2016,72344,1,1075000,0,Skoda OCTAVIA(2015-2017) ELEGANCE 1.8 TSI AT
Toyota,INNOVA CRYSTA,2.8 GX AT 7 STR,0,0,05-01-2018,85420,1,1600000,2,Toyota INNOVA CRYSTA 2.8 GX AT 7 STR
Mercedes Benz,C CLASS,200 CGI AVANTGARDE,0,1,01-01-2011,82000,2,675000,0,Mercedes Benz C CLASS 200 CGI AVANTGARDE
Honda,CITY(2011-2014),1.5 S AT,0,0,08-01-2012,84000,2,425000,39,Honda CITY(2011-2014) 1.5 S AT
Hyundai,GRAND I10,ASTA AT 1.2 KAPPA VTVT,0,1,12-01-2015,65000,1,475000,40,Hyundai GRAND I10 ASTA AT 1.2 KAPPA VTVT
Maruti Suzuki,DZIRE,VXI AMT,0,0,12-01-2018,14905,1,675000,0,Maruti Suzuki DZIRE VXI AMT
Hyundai,CRETA,1.6E PLUS,0,0,08-01-2017,68400,1,790000,3,Hyundai CRETA 1.6E PLUS
Jeep,COMPASS,LIMITED 2.0 DIESEL 4X4,0,0,08-01-2018,38751,1,1450000,0,Jeep COMPASS LIMITED 2.0 DIESEL 4X4
Honda,CITY,1.5 VX CVT,0,0,03-01-2016,54219,2,795000,10,Honda CITY 1.5 VX CVT
Mercedes Benz,C CLASS,200 K ELEGANCE AT,0,1,03-01-2010,34000,1,875000,10,Mercedes Benz C CLASS 200 K ELEGANCE AT
Audi,A6(2011-2015),2.0 TDI,0,0,02-01-2013,77000,1,825000,2,Audi A6(2011-2015) 2.0 TDI
Toyota,COROLLA ALTIS,1.8 VL AT,0,1,03-01-2012,80000,2,450000,0,Toyota COROLLA ALTIS 1.8 VL AT
Skoda,SUPERB,ELEGANCE 1.8 TSI AT,0,0,08-01-2013,67615,2,675000,2,Skoda SUPERB ELEGANCE 1.8 TSI AT
Maruti Suzuki,BALENO,DELTA 1.2 BS-VI,0,0,04-01-2021,22376,1,690000,10,Maruti Suzuki BALENO DELTA 1.2 BS-VI
Maruti Suzuki,XL6,ALPHA AT PETROL,0,0,10-01-2020,17814,2,1295000,0,Maruti Suzuki XL6 ALPHA AT PETROL
Maruti Suzuki,CIAZ,SIGMA 1.3 HYBRID,0,0,07-01-2018,73812,1,690000,0,Maruti Suzuki CIAZ SIGMA 1.3 HYBRID
Ford,ECOSPORT,TITANIUM 1.5L TDCI,0,0,11-01-2018,60790,1,780000,10,Ford ECOSPORT TITANIUM 1.5L TDCI
Tata,HEXA,XE 4X2 7 STR,0,0,11-01-2018,14713,1,1125000,10,Tata HEXA XE 4X2 7 STR
Hyundai,CRETA,1.6 VTVT SX PLUS,0,0,07-01-2017,50264,1,1000000,10,Hyundai CRETA 1.6 VTVT SX PLUS
Honda,CITY,S MT DIESEL,0,0,01-01-2014,60752,1,375000,41,Honda CITY S MT DIESEL
Honda,WR V,VX MT PETROL,0,0,05-01-2017,48262,1,675000,10,Honda WR V VX MT PETROL
Honda,CITY,VX CVT PETROL,0,1,07-01-2016,22101,1,775000,10,Honda CITY VX CVT PETROL
Mahindra,XUV 500,W10,0,0,01-01-2016,54131,1,980000,10,Mahindra XUV 500 W10
Audi,A6,35 TDI TECHNOLOGY,0,0,07-01-2015,49000,1,1475000,4,Audi A6 35 TDI TECHNOLOGY
Audi,A6,2.0 TDI PREMIUM PLUS,0,1,02-01-2014,22000,1,1450000,10,Audi A6 2.0 TDI PREMIUM PLUS
Hyundai,VERNA,1.6 VTVT SX,0,0,02-01-2019,55176,1,925000,4,Hyundai VERNA 1.6 VTVT SX
Mahindra,KUV100,K6 6 SEATER PETROL,0,0,03-01-2017,13812,1,450000,7,Mahindra KUV100 K6 6 SEATER PETROL
Honda,ACCORD,2.4 AT,0,1,02-01-2011,82000,2,475000,31,Honda ACCORD 2.4 AT
Maruti Suzuki,DZIRE,VXI CNG,3,0,03-01-2022,25590,1,875000,42,Maruti Suzuki DZIRE VXI CNG
Honda,CITY,1.5 VX CVT,0,0,03-01-2019,31341,1,1025000,10,Honda CITY 1.5 VX CVT
Toyota,COROLLA ALTIS,1.8 VL,0,0,12-01-2018,40565,1,1475000,10,Toyota COROLLA ALTIS 1.8 VL
Volkswagen,VIRTUS,TOPLINE 1.0 TSI MT,0,0,09-01-2022,10675,1,1475000,10,Volkswagen VIRTUS TOPLINE 1.0 TSI MT
Honda,WR V,VX MT PETROL,0,0,09-01-2019,13061,1,875000,43,Honda WR V VX MT PETROL
Hyundai,CRETA,1.6 VTVT SX PLUS,0,0,12-01-2015,60914,1,850000,4,Hyundai CRETA 1.6 VTVT SX PLUS
Renault,DUSTER,RXE PETROL,0,0,12-01-2017,39692,1,585000,7,Renault DUSTER RXE PETROL
Maruti Suzuki,SWIFT,LXI,0,0,06-01-2020,52634,1,575000,10,Maruti Suzuki SWIFT LXI
Honda,CITY(2017-2020),V PETROL,0,0,01-01-2018,72242,1,800000,0,Honda CITY(2017-2020) V PETROL
Mg,HECTOR PLUS(2021-2023),SHARP 1.5 DCT PETROL,0,0,07-01-2021,20661,2,1600000,10,Mg HECTOR PLUS(2021-2023) SHARP 1.5 DCT PETROL
Maruti Suzuki,ALTO 800,LXI,0,0,05-01-2014,48662,1,210000,2,Maruti Suzuki ALTO 800 LXI
Hyundai,SANTRO,SPORTZ AMT,0,0,03-01-2019,28574,2,440000,40,Hyundai SANTRO SPORTZ AMT
Toyota,FORTUNER (2012_2016),3.0 4X2 AT,0,0,05-01-2014,62923,1,1475000,10,Toyota FORTUNER (2012_2016) 3.0 4X2 AT
Datsun,GO,T,0,0,10-01-2014,23135,1,250000,3,Datsun GO T
Maruti Suzuki,DZIRE(2017-2020),ZXI,0,0,05-01-2018,36719,1,630000,10,Maruti Suzuki DZIRE(2017-2020) ZXI
Hyundai,I20,SPORTZ 1.2 IVT,0,0,03-01-2023,5588,1,890000,44,Hyundai I20 SPORTZ 1.2 IVT
Honda,BRIO,S MT,0,0,03-01-2013,41000,1,350000,3,Honda BRIO S MT
Toyota,COROLLA ALTIS,1.8 G,0,0,09-01-2015,67280,1,850000,12,Toyota COROLLA ALTIS 1.8 G
Mahindra,SCORPIO,S6 PLUS,0,0,07-01-2017,72605,1,990000,10,Mahindra SCORPIO S6 PLUS
Tata,NEXON,XM S,0,0,12-01-2021,14602,1,925000,45,Tata NEXON XM S
Maruti Suzuki,SWIFT,LXI,0,0,12-01-2018,26190,1,525000,28,Maruti Suzuki SWIFT LXI
Maruti Suzuki,SWIFT,LXI,0,0,03-01-2021,43722,1,590000,14,Maruti Suzuki SWIFT LXI
Maruti Suzuki,VITARA BREZZA,ZXI PLUS AT SHVS,0,0,12-01-2020,10252,1,1025000,2,Maruti Suzuki VITARA BREZZA ZXI PLUS AT SHVS
Hyundai,I20,SPORTZ 1.2 O,0,0,10-01-2016,45704,1,550000,3,Hyundai I20 SPORTZ 1.2 O
Hyundai,I20,MAGNA VTV BSIV,0,0,12-01-2017,52453,2,550000,10,Hyundai I20 MAGNA VTV BSIV
Maruti Suzuki,BALENO,ALPHA 1.2 AT,0,0,10-01-2017,44294,1,695000,1,Maruti Suzuki BALENO ALPHA 1.2 AT
Toyota,GLANZA,V,0,0,11-01-2019,39204,1,775000,0,Toyota GLANZA V
Mahindra,KUV100(2016_2017),K6PLUS D 6 STR,0,0,04-01-2016,38759,1,450000,46,Mahindra KUV100(2016_2017) K6PLUS D 6 STR
Ford,ECOSPORT,TITANIUM 1.5 TI VCT,0,0,11-01-2016,48143,1,675000,2,Ford ECOSPORT TITANIUM 1.5 TI VCT
Mercedes Benz,C CLASS,C 200 CGI ELEGANCE,0,0,03-01-2011,64000,1,875000,18,Mercedes Benz C CLASS C 200 CGI ELEGANCE
Hyundai,ELITE I20,ASTA 1.2 AT,0,0,11-01-2018,28215,1,750000,10,Hyundai ELITE I20 ASTA 1.2 AT
Hyundai,ELITE I20,ASTA 1.2,0,1,08-01-2015,39000,1,525000,0,Hyundai ELITE I20 ASTA 1.2
Renault,KWID,1.0 RXT O,0,0,04-01-2019,21534,1,395000,1,Renault KWID 1.0 RXT O
Jeep,COMPASS,LIMITED 1.4 PETROL AT,0,0,05-01-2018,54871,1,1475000,4,Jeep COMPASS LIMITED 1.4 PETROL AT
Skoda,RAPID(2011-2014),1.6 MPI ACTIVE,0,0,01-01-2012,45028,1,350000,10,Skoda RAPID(2011-2014) 1.6 MPI ACTIVE
Honda,AMAZE,1.2 SMT I VTEC,0,0,10-01-2013,47176,1,360000,0,Honda AMAZE 1.2 SMT I VTEC
Hyundai,VENUE,SX PLUS 1.0 TURBO DCT,0,0,01-01-2020,49384,1,950000,0,Hyundai VENUE SX PLUS 1.0 TURBO DCT
Honda,CITY,SV MT PETROL,0,0,11-01-2014,19775,1,625000,1,Honda CITY SV MT PETROL
Hyundai,CRETA,1.6 VTVT SX PLUS,0,0,03-01-2016,67703,1,850000,10,Hyundai CRETA 1.6 VTVT SX PLUS
Hyundai,GRAND I10,ASTA 1.2 KAPPA VTVT,0,0,02-01-2019,32410,1,540000,1,Hyundai GRAND I10 ASTA 1.2 KAPPA VTVT
Honda,CITY,1.5 S MT,0,0,04-01-2013,84840,1,425000,0,Honda CITY 1.5 S MT
Hyundai,VERNA,1.6 VTVT SX O AT,0,0,11-01-2018,41845,1,975000,10,Hyundai VERNA 1.6 VTVT SX O AT
Honda,CITY(2017-2020),VX CVT PETROL,0,0,05-01-2019,36218,1,1075000,2,Honda CITY(2017-2020) VX CVT PETROL
Maruti Suzuki,CIAZ,ZXI MT,0,0,03-01-2015,57305,1,590000,9,Maruti Suzuki CIAZ ZXI MT
Hyundai,VERNA,SX 1.5 VTVT,0,0,04-01-2023,16669,1,1395000,4,Hyundai VERNA SX 1.5 VTVT
Mahindra,KUV100,K4 PLUS 5 SEATER PETROL,0,0,01-01-2016,32576,1,390000,3,Mahindra KUV100 K4 PLUS 5 SEATER PETROL
Kia,SELTOS,GTX 1.4,0,0,10-01-2019,60937,1,1225000,10,Kia SELTOS GTX 1.4
Hyundai,GRAND I10,SPORTZ 1.2 KAPPA VTVT,0,0,09-01-2018,38520,1,500000,10,Hyundai GRAND I10 SPORTZ 1.2 KAPPA VTVT
Ford,ECOSPORT,TITANIUM 1.5 TI VCT AT,0,1,08-01-2015,40714,1,525000,10,Ford ECOSPORT TITANIUM 1.5 TI VCT AT
Renault,KWID(2020-2021),CLIMBER 1.0 AMT O,0,0,01-01-2020,34168,1,500000,3,Renault KWID(2020-2021) CLIMBER 1.0 AMT O
Maruti Suzuki,SWIFT,VXI,0,0,05-01-2018,25711,1,585000,17,Maruti Suzuki SWIFT VXI
Honda,CITY,SV MT PETROL,0,0,12-01-2015,38962,1,625000,10,Honda CITY SV MT PETROL
Chevrolet,SPARK,E 1.0,0,0,06-01-2011,43800,1,145000,1,Chevrolet SPARK E 1.0
Hyundai,I10,MAGNA,0,0,08-01-2010,55300,2,170000,30,Hyundai I10 MAGNA
Honda,CITY,1.5 V MT,0,0,06-01-2017,47080,1,795000,4,Honda CITY 1.5 V MT
Tata,HEXA,XT 4X2 6 STR,0,0,08-01-2017,53614,1,1045000,2,Tata HEXA XT 4X2 6 STR
Jeep,COMPASS,LIMITED O 1.4 PETROL AT,0,0,05-01-2018,44588,1,1475000,1,Jeep COMPASS LIMITED O 1.4 PETROL AT
Hyundai,I20,1.2 ERA,0,0,03-01-2018,54716,1,595000,0,Hyundai I20 1.2 ERA
Kia,SELTOS,HTK PLUS 1.5,0,0,06-01-2020,27487,1,1290000,1,Kia SELTOS HTK PLUS 1.5
Maruti Suzuki,IGNIS,DELTA 1.2 AT,0,0,02-01-2018,21442,1,595000,10,Maruti Suzuki IGNIS DELTA 1.2 AT
Maruti Suzuki,SWIFT,VDI,0,0,04-01-2016,86127,2,450000,2,Maruti Suzuki SWIFT VDI
Maruti Suzuki,BALENO,ZETA AT 1.2,0,0,08-01-2017,48520,1,625000,3,Maruti Suzuki BALENO ZETA AT 1.2
Renault,KWID,1.0 RXT O,0,0,11-01-2018,35231,1,365000,0,Renault KWID 1.0 RXT O
Maruti Suzuki,BALENO,DELTA,0,0,03-01-2021,8859,1,720000,47,Maruti Suzuki BALENO DELTA
Maruti Suzuki,CIAZ,ZXI AT,0,0,06-01-2017,80234,1,695000,0,Maruti Suzuki CIAZ ZXI AT
Honda,AMAZE,1.2 SMT I VTEC,0,0,02-01-2014,53615,2,425000,10,Honda AMAZE 1.2 SMT I VTEC
Toyota,INNOVA,2.5 VX 7 STR BS IV,0,0,05-01-2015,22360,2,1215000,2,Toyota INNOVA 2.5 VX 7 STR BS IV
Hyundai,SANTRO,SPORTZ AMT,0,0,08-01-2019,18972,1,549000,10,Hyundai SANTRO SPORTZ AMT
Maruti Suzuki,WAGON R,VXI 1.0 BS-VI,0,0,08-01-2021,29630,1,550000,0,Maruti Suzuki WAGON R VXI 1.0 BS-VI
Honda,AMAZE,1.2 VX CVT PETROL,0,0,07-01-2019,35371,1,758000,9,Honda AMAZE 1.2 VX CVT PETROL
Honda,CITY(2017-2020),V PETROL,0,0,06-01-2018,29667,2,799000,1,Honda CITY(2017-2020) V PETROL
Mg,HECTOR,SHARP 1.5 DCT PETROL,0,0,02-01-2020,47485,1,1599000,10,Mg HECTOR SHARP 1.5 DCT PETROL
Maruti Suzuki,CIAZ,VDI MT SHVS,0,0,12-01-2015,82294,2,495000,9,Maruti Suzuki CIAZ VDI MT SHVS
Honda,JAZZ,1.2 V I VTEC,0,0,06-01-2015,52508,1,450000,10,Honda JAZZ 1.2 V I VTEC
Honda,CITY,S MT DIESEL,0,0,09-01-2015,73080,1,525000,9,Honda CITY S MT DIESEL
Maruti Suzuki,VITARA BREZZA,VDI,0,0,03-01-2018,74293,2,750000,10,Maruti Suzuki VITARA BREZZA VDI
Maruti Suzuki,BALENO,ZETA 1.2,0,0,05-01-2019,45682,1,658000,2,Maruti Suzuki BALENO ZETA 1.2
Maruti Suzuki,SWIFT DZIRE,VXI,0,0,01-01-2014,24685,1,429000,0,Maruti Suzuki SWIFT DZIRE VXI
Maruti Suzuki,WAGON R 1.0,LXI CNG,0,0,04-01-2017,23514,1,411000,2,Maruti Suzuki WAGON R 1.0 LXI CNG
Honda,AMAZE,1.2 SMT I VTEC,0,0,01-01-2017,65031,2,495000,10,Honda AMAZE 1.2 SMT I VTEC
Maruti Suzuki,DZIRE,ZXI,0,0,01-01-2021,30999,1,727000,2,Maruti Suzuki DZIRE ZXI
Maruti Suzuki,VITARA BREZZA,VXI,0,0,01-01-2022,12505,1,899000,0,Maruti Suzuki VITARA BREZZA VXI
Maruti Suzuki,CELERIO,ZXI MT,0,0,07-01-2016,34498,1,399000,1,Maruti Suzuki CELERIO ZXI MT
Maruti Suzuki,WAGON R,VXI 1.2,0,0,09-01-2020,58690,1,533000,2,Maruti Suzuki WAGON R VXI 1.2
Hyundai,GRAND I10,1.2 KAPPA MAGNA,0,0,06-01-2017,36373,1,471000,1,Hyundai GRAND I10 1.2 KAPPA MAGNA
Maruti Suzuki,BALENO,SIGMA,0,0,01-01-2021,32333,1,587000,3,Maruti Suzuki BALENO SIGMA
Tata,TIGOR(2018-2020),REVOTRON XM,0,0,10-01-2020,53115,1,529000,2,Tata TIGOR(2018-2020) REVOTRON XM
Honda,WR V,VX MT PETROL,0,0,09-01-2018,18121,1,799000,1,Honda WR V VX MT PETROL
Honda,AMAZE,1.2 SMT I VTEC,0,0,02-01-2015,32528,1,417000,1,Honda AMAZE 1.2 SMT I VTEC
Mahindra,SCORPIO(2014-2017),S4 PLUS 1.99 INTELLI-HYBRID,0,0,06-01-2017,44297,1,791000,0,Mahindra SCORPIO(2014-2017) S4 PLUS 1.99 INTELLI-HYBRID
Hyundai,CRETA,1.6 CRDI SX,0,0,03-01-2016,89000,2,750000,10,Hyundai CRETA 1.6 CRDI SX
Honda,AMAZE,1.2 SMT I VTEC,0,0,05-01-2018,30174,2,575000,10,Honda AMAZE 1.2 SMT I VTEC
Hyundai,TUCSON,2WD AT GL DIESEL,0,0,05-01-2017,125901,1,1400000,22,Hyundai TUCSON 2WD AT GL DIESEL
Renault,DUSTER(2016-2019),85 PS RXE DIESEL ADVENTURE,0,0,01-01-2017,71692,1,549000,0,Renault DUSTER(2016-2019) 85 PS RXE DIESEL ADVENTURE
Maruti Suzuki,BALENO,DELTA 1.2,0,0,01-01-2019,57661,1,616000,3,Maruti Suzuki BALENO DELTA 1.2
Maruti Suzuki,CELERIO(2017-2019),VXI CNG,3,0,11-01-2018,35636,1,481000,2,Maruti Suzuki CELERIO(2017-2019) VXI CNG
Maruti Suzuki,DZIRE,ZDI PLUS,0,0,04-01-2017,33914,1,568000,9,Maruti Suzuki DZIRE ZDI PLUS
Ford,ECOSPORT,TITANIUM 1.5 TDCI,0,0,06-01-2016,80199,1,570000,24,Ford ECOSPORT TITANIUM 1.5 TDCI
Honda,CITY,1.5 VX MT,0,0,08-01-2018,41507,1,1070000,9,Honda CITY 1.5 VX MT
Maruti Suzuki,BALENO,ALPHA 1.2,0,0,10-01-2015,71304,1,511000,3,Maruti Suzuki BALENO ALPHA 1.2
Honda,AMAZE,1.2 S AT I-VTEC,0,0,10-01-2021,16708,1,815000,0,Honda AMAZE 1.2 S AT I-VTEC
Hyundai,CRETA(2020-2023),SX 1.5 DIESEL EXECUTIVE TRIM,0,0,02-01-2022,27821,1,1625000,10,Hyundai CRETA(2020-2023) SX 1.5 DIESEL EXECUTIVE TRIM
Hyundai,CRETA,1.6 VTVT SX PLUS,0,0,11-01-2016,71041,1,1075000,10,Hyundai CRETA 1.6 VTVT SX PLUS
Maruti Suzuki,WAGON R,LXI 1.0 CNG BS-VI,3,0,02-01-2021,53105,1,565000,17,Maruti Suzuki WAGON R LXI 1.0 CNG BS-VI
Audi,Q3 2.0,TDI QUATTRO,0,1,09-01-2014,68583,2,1090000,4,Audi Q3 2.0 TDI QUATTRO
Hyundai,GRAND I10,SPORTZ 1.2 KAPPA VTVT,0,0,06-01-2018,34617,1,499000,2,Hyundai GRAND I10 SPORTZ 1.2 KAPPA VTVT
Honda,WR-V,VX MT PETROL,0,0,03-01-2022,5759,1,980000,0,Honda WR-V VX MT PETROL
Hyundai,I10,MAGNA 1.1 IRDE2,0,0,03-01-2014,67484,1,295000,48,Hyundai I10 MAGNA 1.1 IRDE2
Maruti Suzuki,WAGON R(2019-2022),LXI 1.0 CNG,3,0,03-01-2019,37396,1,549000,10,Maruti Suzuki WAGON R(2019-2022) LXI 1.0 CNG
Honda,BRIO,S MT,0,0,01-01-2016,40293,1,411000,31,Honda BRIO S MT
Honda,CITY,SV CVT PETROL,0,1,06-01-2016,68290,1,725000,10,Honda CITY SV CVT PETROL
Bmw,3 SERIES,320D PRESTIGE,0,0,01-01-2016,45611,2,1680000,3,Bmw 3 SERIES 320D PRESTIGE
Kia,SELTOS,HTX 1.5,0,0,01-01-2020,35321,1,1400000,10,Kia SELTOS HTX 1.5
Maruti Suzuki,BALENO,DELTA,0,0,01-01-2020,27867,1,649000,3,Maruti Suzuki BALENO DELTA
Maruti Suzuki,ALTO K10,LXI CNG,3,0,03-01-2015,37489,1,318000,2,Maruti Suzuki ALTO K10 LXI CNG
Hyundai,VERNA,1.6 CRDI SX,0,0,07-01-2018,70699,1,925000,10,Hyundai VERNA 1.6 CRDI SX
Maruti Suzuki,WAGON R,VXI,0,0,02-01-2018,22794,1,435000,10,Maruti Suzuki WAGON R VXI
Tata,TIAGO,XT,0,0,01-01-2018,27654,1,485000,2,Tata TIAGO XT
Tata,TIAGO,WIZZ EDITION PETROL,0,0,02-01-2018,42761,1,525000,10,Tata TIAGO WIZZ EDITION PETROL
Tata,ALTROZ,XT PETROL,0,0,01-01-2020,21091,1,659000,2,Tata ALTROZ XT PETROL
Maruti Suzuki,CIAZ,VXI PLUS MT,0,0,03-01-2016,48856,1,635000,2,Maruti Suzuki CIAZ VXI PLUS MT
Maruti Suzuki,WAGON R 1.0,LXI CNG,3,0,05-01-2016,59676,1,364000,0,Maruti Suzuki WAGON R 1.0 LXI CNG
Tata,NEXON,XMA PETROL,0,0,07-01-2018,48920,1,749000,2,Tata NEXON XMA PETROL
Kia,SELTOS,HTK 1.5,0,0,05-01-2019,9783,1,1150000,10,Kia SELTOS HTK 1.5
Hyundai,I20,SPORTZ 1.2 O,0,0,11-01-2016,60000,1,550000,2,Hyundai I20 SPORTZ 1.2 O
Maruti Suzuki,S CROSS,1.3 ALPHA,0,0,04-01-2017,67736,1,665000,2,Maruti Suzuki S CROSS 1.3 ALPHA
Honda,JAZZ,1.2 V CVT I VTEC BSIV,3,0,07-01-2017,36719,1,665000,0,Honda JAZZ 1.2 V CVT I VTEC BSIV
Honda,AMAZE,1.2 SMT I VTEC,0,0,08-01-2019,51202,1,623000,10,Honda AMAZE 1.2 SMT I VTEC
Hyundai,I10,MAGNA 1.1 IRDE2,0,0,01-01-2016,32637,1,405000,1,Hyundai I10 MAGNA 1.1 IRDE2
Maruti Suzuki,DZIRE,ZXI PLUS,0,0,11-01-2017,32109,2,635000,17,Maruti Suzuki DZIRE ZXI PLUS
Hyundai,I20,ASTA (O) VTVT,0,0,03-01-2019,18936,1,785000,10,Hyundai I20 ASTA (O) VTVT
Maruti Suzuki,BALENO(2020-2022),DELTA 1.2 DUAL JET BS-VI,0,0,04-01-2021,7821,1,745000,28,Maruti Suzuki BALENO(2020-2022) DELTA 1.2 DUAL JET BS-VI
Maruti Suzuki,VITARA BREZZA,ZDI+,0,0,04-01-2019,33749,1,920000,49,Maruti Suzuki VITARA BREZZA ZDI+
Jeep,COMPASS,LONGITUDE 2.0 DIESEL,0,0,10-01-2017,51274,1,1300000,10,Jeep COMPASS LONGITUDE 2.0 DIESEL
Toyota,INNOVA CRYSTA,2.4 G 7 STR,0,0,02-01-2018,76803,2,1620000,17,Toyota INNOVA CRYSTA 2.4 G 7 STR
Hyundai,CRETA,1.6 SX PLUS AT PETROL,0,0,07-01-2016,77939,1,916000,0,Hyundai CRETA 1.6 SX PLUS AT PETROL
Honda,CITY(2014-2017),E,0,0,03-01-2016,50839,1,581000,0,Honda CITY(2014-2017) E
Maruti Suzuki,CIAZ,ALPHA 1.5 AT,0,0,06-01-2022,7000,1,1181000,10,Maruti Suzuki CIAZ ALPHA 1.5 AT
Mahindra,THAR,LX 4-STR HARD TOP DIESEL AT,0,0,11-01-2020,53737,1,1500000,2,Mahindra THAR LX 4-STR HARD TOP DIESEL AT
Mg,HECTOR(2020-2021),SHARP HYBRID 1.5 PETROL BS-VI,0,0,09-01-2020,23535,1,1645000,4,Mg HECTOR(2020-2021) SHARP HYBRID 1.5 PETROL BS-VI
Honda,CITY(2017-2020),V DIESEL,0,0,01-01-2018,83571,1,750000,10,Honda CITY(2017-2020) V DIESEL
Mahindra,XUV500,W7,0,0,09-01-2018,27524,1,1250000,10,Mahindra XUV500 W7
Skoda,KUSHAQ,STYLE 1.0L TSI AT,0,0,09-01-2021,19815,1,1595000,10,Skoda KUSHAQ STYLE 1.0L TSI AT
Hyundai,CRETA,1.6 CRDI SX PLUS,0,0,07-01-2017,83000,1,945000,10,Hyundai CRETA 1.6 CRDI SX PLUS
Kia,SELTOS,HTX PLUS 1.5 DIESEL,0,0,11-01-2019,25000,1,1375000,3,Kia SELTOS HTX PLUS 1.5 DIESEL
Honda,AMAZE,1.2 S I-VTEC O,0,0,02-01-2018,27000,1,575000,9,Honda AMAZE 1.2 S I-VTEC O
Chevrolet,SAIL UVA,1.2 LS,0,0,12-01-2014,5859,1,325000,2,Chevrolet SAIL UVA 1.2 LS
Tata,NEXON,XZ PLUS DIESEL,0,0,11-01-2017,83121,1,785000,2,Tata NEXON XZ PLUS DIESEL
Ford,ECOSPORT,TITANIUM 1.5 TI VCT AT,0,1,12-01-2016,50000,1,670000,10,Ford ECOSPORT TITANIUM 1.5 TI VCT AT
Maruti Suzuki,CELERIO,VXI AMT,0,0,09-01-2017,39809,1,468000,2,Maruti Suzuki CELERIO VXI AMT
Maruti Suzuki,SWIFT DZIRE,VXI,0,0,02-01-2015,11810,1,535000,10,Maruti Suzuki SWIFT DZIRE VXI
Maruti Suzuki,ERTIGA,SMART HYBRID VXI,0,0,10-01-2020,33021,1,935000,10,Maruti Suzuki ERTIGA SMART HYBRID VXI
Nissan,SUNNY,XL PETROL,0,0,06-01-2012,57300,2,325000,2,Nissan SUNNY XL PETROL
Isuzu,V CROSS,D MAX,0,0,05-01-2017,22000,1,1450000,4,Isuzu V CROSS D MAX
Mercedes Benz,C CLASS,200 K ELEGANCE AT,0,1,01-01-2010,260000,1,690000,32,Mercedes Benz C CLASS 200 K ELEGANCE AT
Ford,ECOSPORT,TITANIUM 1.5 TI VCT,0,0,01-01-2021,16778,1,959000,27,Ford ECOSPORT TITANIUM 1.5 TI VCT
Ford,FIGO,"TITANIUM AT
 1.2",0,0,12-01-2015,30464,2,475000,22,"Ford FIGO TITANIUM AT
 1.2"
Ford,ECOSPORT,TITANIUM 1.5 TDCI,0,0,05-01-2013,20350,1,495000,47,Ford ECOSPORT TITANIUM 1.5 TDCI
Honda,JAZZ,1.2 V AT I VTEC,0,0,12-01-2017,32982,2,645000,0,Honda JAZZ 1.2 V AT I VTEC
Mahindra,XUV500(2017_2018),W10,0,0,06-01-2015,60039,1,880000,7,Mahindra XUV500(2017_2018) W10
Toyota,INNOVA CRYSTA,2.8 GX AT 7 STR,0,0,02-01-2017,76725,1,1595000,2,Toyota INNOVA CRYSTA 2.8 GX AT 7 STR
Honda,CITY,ZX CVT PETROL,0,0,07-01-2018,14241,1,1075000,25,Honda CITY ZX CVT PETROL
Ford,ASPIRE,TITANIUM 1.2 TI-VCT O,0,0,01-01-2018,25746,1,550000,32,Ford ASPIRE TITANIUM 1.2 TI-VCT O
Hyundai,I10,MAGNA 1.2 KAPPA2,0,0,02-01-2015,62504,1,345000,0,Hyundai I10 MAGNA 1.2 KAPPA2
Maruti Suzuki,IGNIS,ZETA 1.2 MT,0,0,07-01-2018,41439,1,505000,14,Maruti Suzuki IGNIS ZETA 1.2 MT
Maruti Suzuki,VITARA BREZZA,ZXI PLUS,0,0,02-01-2022,21816,1,1100000,10,Maruti Suzuki VITARA BREZZA ZXI PLUS
Nissan,MAGNITE,XV EXECUTIVE,0,0,01-01-2022,6062,1,719000,9,Nissan MAGNITE XV EXECUTIVE
Hyundai,VENUE,SX PLUS (O) 1.0 AT PETROL,0,0,05-01-2019,36414,1,1075000,10,Hyundai VENUE SX PLUS (O) 1.0 AT PETROL
Mitsubishi,PAJERO SPORT,2.5 AT,0,0,02-01-2014,91480,1,945000,4,Mitsubishi PAJERO SPORT 2.5 AT
Jeep,COMPASS,LIMITED 1.4 PETROL AT,0,0,01-01-2018,57156,1,1545000,1,Jeep COMPASS LIMITED 1.4 PETROL AT
Mg,HECTOR,PE 1.5 DCT SHARP,0,0,04-01-2019,14278,1,1575000,1,Mg HECTOR PE 1.5 DCT SHARP
Renault,KWID,1.0 RXT AMT O,0,0,01-01-2020,7410,2,425000,9,Renault KWID 1.0 RXT AMT O
Maruti Suzuki,SWIFT(2018_2019),VDI,0,0,03-01-2018,53540,1,640000,3,Maruti Suzuki SWIFT(2018_2019) VDI
Maruti Suzuki,BALENO,ALPHA 1.2,0,0,03-01-2017,39654,1,575000,3,Maruti Suzuki BALENO ALPHA 1.2
Ford,ECOSPORT,TITANIUM 1.5 TI VCT AT,0,1,07-01-2016,63738,2,645000,9,Ford ECOSPORT TITANIUM 1.5 TI VCT AT
Mahindra,THAR,LX 4-STR HARD TOP PETROL MT,0,0,01-01-2022,11485,1,1475000,45,Mahindra THAR LX 4-STR HARD TOP PETROL MT
Maruti Suzuki,WAGON R,VXI 1.0 (O) BS-VI,0,0,11-01-2021,15245,1,575000,50,Maruti Suzuki WAGON R VXI 1.0 (O) BS-VI
Honda,AMAZE,1.2 SMT I VTEC,0,0,04-01-2021,13614,1,719000,0,Honda AMAZE 1.2 SMT I VTEC
Maruti Suzuki,ALTO K10,VXI AMT AIRBAG,0,0,12-01-2018,17546,1,399000,0,Maruti Suzuki ALTO K10 VXI AMT AIRBAG
Maruti Suzuki,VITARA BREZZA,VDI,0,0,07-01-2018,73160,2,775000,10,Maruti Suzuki VITARA BREZZA VDI
Maruti Suzuki,WAGON R 1.0,LXI AVANCE CNG EDITION,3,0,02-01-2018,44684,1,495000,10,Maruti Suzuki WAGON R 1.0 LXI AVANCE CNG EDITION
Toyota,PLATINUM ETIOS,VX,0,0,01-01-2017,37022,1,595000,10,Toyota PLATINUM ETIOS VX
Volkswagen,POLO,COMFORTLINE 1.2L PETROL,0,0,02-01-2013,67469,2,345000,0,Volkswagen POLO COMFORTLINE 1.2L PETROL
Hyundai,XCENT,SX 1.2,0,0,06-01-2016,63982,1,437000,0,Hyundai XCENT SX 1.2
Maruti Suzuki,BALENO,ALPHA 1.3,0,0,03-01-2017,49230,1,625000,51,Maruti Suzuki BALENO ALPHA 1.3
Mahindra,XUV500,W8,0,0,04-01-2015,36744,1,725000,4,Mahindra XUV500 W8
Nissan,MICRA,XV PETROL,0,0,01-01-2013,33028,1,325000,10,Nissan MICRA XV PETROL
Skoda,KUSHAQ,AMBITION 1.0L TSI MT,0,0,04-01-2022,7204,1,1277000,10,Skoda KUSHAQ AMBITION 1.0L TSI MT
Tata,TIAGO,REVOTRON XZA PLUS,0,0,10-01-2020,12481,1,657000,2,Tata TIAGO REVOTRON XZA PLUS
Renault,KIGER,RXT PETROL MT 1.0L TURBO,0,0,02-01-2021,18932,1,764000,52,Renault KIGER RXT PETROL MT 1.0L TURBO
Hyundai,ELITE I20,SPORTZ 1.2,0,0,02-01-2017,55926,1,575000,10,Hyundai ELITE I20 SPORTZ 1.2
Hyundai,GRAND I10,SPORTZ AT 1.2 KAPPA VTVT,0,1,03-01-2014,50126,1,425000,2,Hyundai GRAND I10 SPORTZ AT 1.2 KAPPA VTVT
Tata,TIAGO,REVOTRON XZ,0,0,12-01-2017,38231,1,515000,0,Tata TIAGO REVOTRON XZ
Honda,BRIO,VX AT,0,1,05-01-2015,66340,1,480000,0,Honda BRIO VX AT
Honda,CITY 5TH GEN,V PETROL BS-VI,0,0,09-01-2020,22974,1,1047000,9,Honda CITY 5TH GEN V PETROL BS-VI
Honda,CITY,1.5 S MT,0,0,08-01-2010,50000,1,325000,10,Honda CITY 1.5 S MT
Hyundai,GRAND I10,1.2 KAPPA SPORTZ,0,0,02-01-2018,49154,1,580000,10,Hyundai GRAND I10 1.2 KAPPA SPORTZ
Hyundai,ACCENT,EXECUTIVE,3,0,05-01-2011,55000,2,275000,1,Hyundai ACCENT EXECUTIVE
Maruti Suzuki,BALENO,DELTA 1.2,0,0,04-01-2018,84102,1,575000,3,Maruti Suzuki BALENO DELTA 1.2
Maruti Suzuki,ALTO K10,VXI AMT,0,0,05-01-2015,48327,1,350000,1,Maruti Suzuki ALTO K10 VXI AMT
Maruti Suzuki,ALTO K10,VXI AMT,0,0,12-01-2017,24931,1,400000,10,Maruti Suzuki ALTO K10 VXI AMT
Ford,ASPIRE,TITANIUM 1.2 TI-VCT O,0,0,12-01-2016,29060,2,475000,10,Ford ASPIRE TITANIUM 1.2 TI-VCT O
Honda,CITY(2008-2011),1.5 V AT,0,0,08-01-2011,78000,2,375000,18,Honda CITY(2008-2011) 1.5 V AT
Mahindra,THAR,LX 4-STR CONVERTIBLE DIESEL AT,0,0,01-01-2021,31745,1,1591000,53,Mahindra THAR LX 4-STR CONVERTIBLE DIESEL AT
Ford,ECOSPORT,TITANIUM 1.5 TI VCT,0,0,07-01-2017,60208,1,687000,10,Ford ECOSPORT TITANIUM 1.5 TI VCT
Maruti Suzuki,WAGON R 1.0,VXI,0,0,10-01-2010,22000,1,195000,3,Maruti Suzuki WAGON R 1.0 VXI
Hyundai,VERNA,1.6 SX CRDI AT,0,0,04-01-2014,82788,2,495000,3,Hyundai VERNA 1.6 SX CRDI AT
Tata,HARRIER,XT,0,0,10-01-2019,16316,1,1491000,10,Tata HARRIER XT
Toyota,COROLLA ALTIS,1.8 G,0,0,05-01-2016,65242,2,1075000,2,Toyota COROLLA ALTIS 1.8 G
Skoda,RAPID,1.5 TDI CR AMBITION,0,0,10-01-2017,72287,1,729000,9,Skoda RAPID 1.5 TDI CR AMBITION
Ford,ASPIRE(2015_2018),TITANIUM 1.2 TI-VCT,0,0,05-01-2017,62659,1,487000,24,Ford ASPIRE(2015_2018) TITANIUM 1.2 TI-VCT
Maruti Suzuki,CIAZ(2018-2020),DELTA 1.3 HYBRID,0,0,08-01-2018,52058,1,775000,17,Maruti Suzuki CIAZ(2018-2020) DELTA 1.3 HYBRID
Honda,AMAZE,1.2 S I-VTEC,0,0,01-01-2020,19358,1,687000,10,Honda AMAZE 1.2 S I-VTEC
Honda,CITY,1.5 S MT,0,0,11-01-2014,65000,1,545000,10,Honda CITY 1.5 S MT
Hyundai,GRAND I10,SPORTZ 1.2 KAPPA VTVT,0,0,01-01-2016,62059,1,467000,1,Hyundai GRAND I10 SPORTZ 1.2 KAPPA VTVT
Tata,NEXON,XZA PLUS PETROL,0,0,06-01-2018,52613,1,847000,7,Tata NEXON XZA PLUS PETROL
Honda,AMAZE,SX MT [DIESEL],0,0,11-01-2014,127000,2,350000,0,Honda AMAZE SX MT [DIESEL]
Volkswagen,VENTO,TRENDLINE PETROL,0,0,03-01-2011,70000,1,275000,0,Volkswagen VENTO TRENDLINE PETROL
Hyundai,VERNA,1.6 VTVT SX O,0,0,05-01-2011,78000,2,355000,0,Hyundai VERNA 1.6 VTVT SX O
Honda,AMAZE,1.2 SMT I VTEC,0,0,08-01-2021,2015,1,725000,0,Honda AMAZE 1.2 SMT I VTEC
Hyundai,I10,MAGNA 1.1 IRDE2,3,0,05-01-2012,63000,1,255000,10,Hyundai I10 MAGNA 1.1 IRDE2
Maruti Suzuki,ALTO K10,VXI AMT,0,0,02-01-2015,60577,1,373000,0,Maruti Suzuki ALTO K10 VXI AMT
Jeep,COMPASS,LONGITUDE 2.0 DIESEL,0,0,08-01-2018,68635,1,1145000,10,Jeep COMPASS LONGITUDE 2.0 DIESEL
Honda,CITY,1.5 V MT,0,0,02-01-2017,67650,1,795000,10,Honda CITY 1.5 V MT
Honda,JAZZ,SELECT,0,0,06-01-2012,85000,1,350000,9,Honda JAZZ SELECT
Tata,TIAGO,XZ,0,0,05-01-2016,70000,1,425000,1,Tata TIAGO XZ
Jeep,COMPASS,LIMITED 2.0 DIESEL,0,0,01-01-2018,51654,1,1277000,10,Jeep COMPASS LIMITED 2.0 DIESEL
Volkswagen,POLO,COMFORTLINE 1.2L PETROL,0,0,05-01-2012,72000,2,350000,10,Volkswagen POLO COMFORTLINE 1.2L PETROL
Mahindra,SCORPIO,VLX 2WD BS IV,0,0,04-01-2014,73429,1,500000,10,Mahindra SCORPIO VLX 2WD BS IV
Mahindra,XUV500(2015_2017),W4,0,0,03-01-2017,64629,1,837000,4,Mahindra XUV500(2015_2017) W4
Honda,WR V,VX MT PETROL,0,0,11-01-2018,15468,1,837000,10,Honda WR V VX MT PETROL
Hyundai,VENUE,SX PLUS 1.0 TURBO DCT,0,0,06-01-2019,33598,1,1047000,10,Hyundai VENUE SX PLUS 1.0 TURBO DCT
Maruti Suzuki,VITARA BREZZA,LDI,0,0,11-01-2017,69100,1,675000,0,Maruti Suzuki VITARA BREZZA LDI
Tata,TIAGO,XM,0,0,11-01-2016,58887,1,380000,38,Tata TIAGO XM
Volkswagen,VENTO,HIGHLINE 1.6 PETROL,0,0,02-01-2011,46897,1,350000,4,Volkswagen VENTO HIGHLINE 1.6 PETROL
Honda,CITY,1.5 V MT,0,0,03-01-2014,81617,1,555000,10,Honda CITY 1.5 V MT
Maruti Suzuki,SWIFT,VXI,0,0,07-01-2013,23389,2,395000,0,Maruti Suzuki SWIFT VXI
Hyundai,CRETA,1.6 VTVT S,0,0,03-01-2016,6141,1,895000,10,Hyundai CRETA 1.6 VTVT S
Maruti Suzuki,VITARA BREZZA,VDI,0,0,11-01-2017,84000,1,655000,1,Maruti Suzuki VITARA BREZZA VDI
Maruti Suzuki,WAGON R 1.0,VXI +,0,0,03-01-2018,62862,1,465000,10,Maruti Suzuki WAGON R 1.0 VXI +
Tata,TIGOR,REVOTRON XZ,0,0,01-01-2018,53711,1,567000,0,Tata TIGOR REVOTRON XZ
Hyundai,I20,SPORTZ 1.2 O,0,0,10-01-2013,52764,2,365000,10,Hyundai I20 SPORTZ 1.2 O
Hyundai,XCENT(2014-2017),VTVT + ABS,0,0,03-01-2015,55951,1,449000,0,Hyundai XCENT(2014-2017) VTVT + ABS
Tata,NEXON,XM,0,0,04-01-2019,31661,1,743000,2,Tata NEXON XM
Ford,ECOSPORT,TREND 1.5 TDCI,0,0,11-01-2015,77953,1,445000,0,Ford ECOSPORT TREND 1.5 TDCI
Audi,A6,3.0 TFSI QUATTRO,0,1,02-01-2010,60000,2,675000,4,Audi A6 3.0 TFSI QUATTRO
Toyota,ETIOS,GD,0,0,03-01-2014,55129,1,455000,2,Toyota ETIOS GD
Volkswagen,POLO,TRENDLINE 1.2L PETROL,0,0,06-01-2011,60000,2,255000,10,Volkswagen POLO TRENDLINE 1.2L PETROL
Maruti Suzuki,SWIFT,VXI,0,0,03-01-2013,60000,1,355000,2,Maruti Suzuki SWIFT VXI
Hyundai,EON,MAGNA PLUS,0,0,02-01-2013,40000,2,225000,17,Hyundai EON MAGNA PLUS
Maruti Suzuki,BALENO,DELTA,0,0,01-01-2019,74878,1,625000,3,Maruti Suzuki BALENO DELTA
Maruti Suzuki,BALENO,DELTA (A/T),0,0,10-01-2015,37901,2,575000,2,Maruti Suzuki BALENO DELTA (A/T)
Tata,NEXON,XZ PLUS,0,0,12-01-2020,10728,1,965000,22,Tata NEXON XZ PLUS
Volkswagen,POLO,HIGHLINE1.2L PETROL,3,0,01-01-2012,66000,1,365000,10,Volkswagen POLO HIGHLINE1.2L PETROL
Tata,TIAGO,REVOTRON XZ PLUS,0,0,04-01-2019,33468,1,537000,54,Tata TIAGO REVOTRON XZ PLUS
Mahindra,MARAZZO,M4 7 STR,0,0,08-01-2018,40035,1,997000,0,Mahindra MARAZZO M4 7 STR
Maruti Suzuki,DZIRE,ZXI AMT,0,0,07-01-2018,22652,1,773000,10,Maruti Suzuki DZIRE ZXI AMT
Ford,ECOSPORT,TITANIUM 1.5 TI VCT AT,0,1,01-01-2015,80752,1,725000,1,Ford ECOSPORT TITANIUM 1.5 TI VCT AT
Volkswagen,POLO,COMFORTLINE 1.2L PETROL,0,0,06-01-2011,72000,2,299000,10,Volkswagen POLO COMFORTLINE 1.2L PETROL
Maruti Suzuki,SWIFT,LXI,0,0,08-01-2019,67476,1,545000,17,Maruti Suzuki SWIFT LXI
Honda,JAZZ,1.2 SVMT,0,0,02-01-2017,62000,1,540000,22,Honda JAZZ 1.2 SVMT
Volkswagen,VENTO,COMFORTLINE PETROL,0,0,02-01-2013,60000,1,395000,3,Volkswagen VENTO COMFORTLINE PETROL
Tata,TIAGO,XZ,0,0,05-01-2016,74130,1,395000,7,Tata TIAGO XZ
Renault,KWID,RXL,0,0,11-01-2017,18586,1,325000,25,Renault KWID RXL
Maruti Suzuki,WAGON R,LXI,3,0,01-01-2012,40000,1,275000,10,Maruti Suzuki WAGON R LXI
Toyota,ETIOS,GD,0,0,03-01-2014,48358,1,485000,0,Toyota ETIOS GD
Honda,CITY,1.5 S MT,0,0,05-01-2013,47644,2,395000,9,Honda CITY 1.5 S MT
Mahindra,XUV500,W4,0,0,01-01-2017,33495,1,877000,10,Mahindra XUV500 W4
Hyundai,ELANTRA,1.6 SX O,0,0,01-01-2017,43000,1,1187000,17,Hyundai ELANTRA 1.6 SX O
Honda,CITY,SV MT PETROL,0,0,11-01-2016,72372,1,695000,25,Honda CITY SV MT PETROL
Jeep,COMPASS,LIMITED 1.4 PETROL AT,0,0,12-01-2017,70254,1,1495000,10,Jeep COMPASS LIMITED 1.4 PETROL AT
Honda,JAZZ,S,0,0,11-01-2016,66297,1,495000,10,Honda JAZZ S
Toyota,ETIOS CROSS,1.2 G,0,0,07-01-2015,41500,1,485000,25,Toyota ETIOS CROSS 1.2 G
Nissan,MICRA ACTIVE,XV,0,0,11-01-2017,30000,1,450000,0,Nissan MICRA ACTIVE XV
Maruti Suzuki,BALENO,DELTA (A/T),0,0,03-01-2016,66000,1,565000,3,Maruti Suzuki BALENO DELTA (A/T)
Honda,WR V,VX MT PETROL,0,0,11-01-2017,66138,1,750000,10,Honda WR V VX MT PETROL
Toyota,COROLLA ALTIS,1.8 G,0,0,05-01-2012,70000,1,475000,0,Toyota COROLLA ALTIS 1.8 G
Hyundai,VERNA,1.4 VTVT EX,0,0,11-01-2019,38634,2,825000,4,Hyundai VERNA 1.4 VTVT EX
Skoda,OCTAVIA,1.4 TSI AMBITION PLUS,0,0,04-01-2016,59257,1,992000,4,Skoda OCTAVIA 1.4 TSI AMBITION PLUS
Tata,TIGOR,REVOTRON XZ,0,0,09-01-2018,23609,1,592000,1,Tata TIGOR REVOTRON XZ
Hyundai,I10,MAGNA 1.1 IRDE2,3,0,08-01-2015,38000,2,355000,2,Hyundai I10 MAGNA 1.1 IRDE2
Maruti Suzuki,SWIFT,LXI,0,0,02-01-2019,19129,1,545000,2,Maruti Suzuki SWIFT LXI
Hyundai,VENUE,SX O 1.0 TURBO IMT,0,0,03-01-2020,32999,1,795000,10,Hyundai VENUE SX O 1.0 TURBO IMT
Jeep,COMPASS,SPORT PLUS 1.4 PETROL,0,0,11-01-2020,28528,1,1495000,4,Jeep COMPASS SPORT PLUS 1.4 PETROL
Hyundai,GRAND I10,SPORTZ 1.2 KAPPA VTVT,0,0,09-01-2017,61999,1,485000,10,Hyundai GRAND I10 SPORTZ 1.2 KAPPA VTVT
Honda,CITY,1.5 V MT,0,0,10-01-2014,80165,1,600000,35,Honda CITY 1.5 V MT
Mahindra,SCORPIO,SLE BS IV,0,0,06-01-2010,92441,1,550000,27,Mahindra SCORPIO SLE BS IV
Mahindra,BOLERO,ZLX,0,0,03-01-2015,70380,1,650000,10,Mahindra BOLERO ZLX
Ford,FIGO,EXI DURATORQ 1.4,0,0,05-01-2011,75155,1,190000,55,Ford FIGO EXI DURATORQ 1.4
Hyundai,VERNA,1.6 CRDI SX,0,0,05-01-2013,84709,1,600000,2,Hyundai VERNA 1.6 CRDI SX
Hyundai,VERNA,1.6 VTVT S,0,0,01-01-2016,55691,1,620000,1,Hyundai VERNA 1.6 VTVT S
Renault,DUSTER,110 PS RXL,0,0,01-01-2015,79151,1,650000,9,Renault DUSTER 110 PS RXL
Maruti Suzuki,CELERIO X(2020-2021),ZXI O,0,0,08-01-2020,51433,1,599000,10,Maruti Suzuki CELERIO X(2020-2021) ZXI O
Hyundai,ELITE I20,MAGNA 1.2,0,0,01-01-2015,69782,1,550000,1,Hyundai ELITE I20 MAGNA 1.2
Skoda,RAPID,1.5 TDI CR ELEGANCE AT,0,0,05-01-2015,46855,1,700000,10,Skoda RAPID 1.5 TDI CR ELEGANCE AT
Hyundai,ELITE I20,ASTA 1.4 O CRDI,0,0,09-01-2018,71928,1,850000,10,Hyundai ELITE I20 ASTA 1.4 O CRDI
Maruti Suzuki,SWIFT,VXI AMT,0,0,08-01-2019,41157,1,745000,1,Maruti Suzuki SWIFT VXI AMT
Maruti Suzuki,VITARA BREZZA,ZDI,0,0,06-01-2019,44865,1,1025000,1,Maruti Suzuki VITARA BREZZA ZDI
Maruti Suzuki,SWIFT,VXI 1.2 BS IV,0,0,04-01-2017,63003,1,620000,2,Maruti Suzuki SWIFT VXI 1.2 BS IV
Maruti Suzuki,ALTO 800,LXI,0,0,01-01-2017,76777,1,300000,3,Maruti Suzuki ALTO 800 LXI
Tata,ZEST,XT QUADRAJET 90PS,0,0,01-01-2018,30329,1,560000,2,Tata ZEST XT QUADRAJET 90PS
Hyundai,CRETA,1.6 CRDI SX PLUS,0,0,01-01-2018,84718,1,1190000,10,Hyundai CRETA 1.6 CRDI SX PLUS
Honda,CITY,V MT DIESEL,0,0,01-01-2014,89500,1,600000,2,Honda CITY V MT DIESEL
Maruti Suzuki,S CROSS,1.3 ZETA,0,0,08-01-2015,131000,1,699000,56,Maruti Suzuki S CROSS 1.3 ZETA
Hyundai,GRAND I10(2017-2020),SPORTZ O 1.2 KAPPA VTVT,0,0,09-01-2018,46441,1,560000,10,Hyundai GRAND I10(2017-2020) SPORTZ O 1.2 KAPPA VTVT
Tata,HARRIER,XT,0,0,05-01-2019,50939,1,1650000,10,Tata HARRIER XT
Honda,CITY,V MT DIESEL,0,0,01-01-2016,85798,1,675000,31,Honda CITY V MT DIESEL
Ford,ECOSPORT,TITANIUM 1.5 TDCI,0,0,09-01-2016,88962,1,690000,47,Ford ECOSPORT TITANIUM 1.5 TDCI
Hyundai,EON,D LITE,0,0,08-01-2014,85610,1,330000,1,Hyundai EON D LITE
Skoda,OCTAVIA,1.8 TSI STYLE PLUS AT,0,0,04-01-2017,95870,1,1600000,10,Skoda OCTAVIA 1.8 TSI STYLE PLUS AT
Nissan,TERRANO,XL D PLUS,0,0,03-01-2015,81000,1,650000,0,Nissan TERRANO XL D PLUS
Maruti Suzuki,SWIFT(2014_2018),ZXI,0,0,07-01-2015,83766,2,525000,1,Maruti Suzuki SWIFT(2014_2018) ZXI
Maruti Suzuki,CELERIO,VDI,0,0,11-01-2016,53708,1,440000,10,Maruti Suzuki CELERIO VDI
Maruti Suzuki,S CROSS,1.3 ALPHA,0,0,02-01-2017,61521,1,849000,2,Maruti Suzuki S CROSS 1.3 ALPHA
Hyundai,ELITE I20(2018-2019),SPORTZ 1.4 CRDI,0,0,03-01-2018,74323,1,760000,1,Hyundai ELITE I20(2018-2019) SPORTZ 1.4 CRDI
Skoda,RAPID(2011-2014),1.6 ULTIMA ELEGANCE TDI CR MT,0,0,07-01-2013,90238,1,450000,18,Skoda RAPID(2011-2014) 1.6 ULTIMA ELEGANCE TDI CR MT
Honda,CITY,1.5 S AT,0,1,02-01-2009,76886,1,450000,10,Honda CITY 1.5 S AT
Hyundai,EON,MAGNA PLUS,0,0,01-01-2014,60179,1,350000,2,Hyundai EON MAGNA PLUS
Maruti Suzuki,CIAZ,VDI O SHVS,0,0,02-01-2017,61467,1,750000,0,Maruti Suzuki CIAZ VDI O SHVS
Maruti Suzuki,ALTO 800,ALTO 800 LXI AIRBAG,0,0,11-01-2021,9313,1,400000,2,Maruti Suzuki ALTO 800 ALTO 800 LXI AIRBAG
Maruti Suzuki,VITARA BREZZA,ZDI+,0,0,05-01-2019,59432,1,975000,14,Maruti Suzuki VITARA BREZZA ZDI+
Hyundai,GRAND I10(2013-2017),ASTA AT 1.2 KAPPA VTVT O,0,0,08-01-2016,62499,1,550000,22,Hyundai GRAND I10(2013-2017) ASTA AT 1.2 KAPPA VTVT O
Hyundai,ELITE I20(2018-2019),SPORTZ 1.2,0,0,01-01-2018,23429,1,720000,0,Hyundai ELITE I20(2018-2019) SPORTZ 1.2
Maruti Suzuki,SWIFT DZIRE,VDI,0,0,03-01-2009,91000,1,320000,10,Maruti Suzuki SWIFT DZIRE VDI
Renault,KWID,1.0 RXT AMT O,0,0,07-01-2018,30985,1,430000,10,Renault KWID 1.0 RXT AMT O
Maruti Suzuki,ALTO K10,VXI AMT,0,0,02-01-2016,42396,1,370000,2,Maruti Suzuki ALTO K10 VXI AMT
Hyundai,I10,ASTA 1.2 KAPPA2,0,0,09-01-2015,88324,1,540000,2,Hyundai I10 ASTA 1.2 KAPPA2
Tata,TIAGO,XZA 1.2 RTN BS4,0,0,08-01-2018,54682,1,600000,9,Tata TIAGO XZA 1.2 RTN BS4
Honda,CITY,VX CVT PETROL BS-VI,0,0,08-01-2019,59524,1,1050000,10,Honda CITY VX CVT PETROL BS-VI
Hyundai,CRETA,1.6 VTVT L,0,0,10-01-2017,72000,1,940000,10,Hyundai CRETA 1.6 VTVT L
Maruti Suzuki,SWIFT,VDI BS IV,0,0,08-01-2013,116688,1,470000,2,Maruti Suzuki SWIFT VDI BS IV
Ford,ASPIRE,AMBIENTE 1.2 TI-VCT ABS,0,0,08-01-2015,80166,1,470000,10,Ford ASPIRE AMBIENTE 1.2 TI-VCT ABS
Hyundai,ELITE I20,SPORTZ 1.4,0,0,05-01-2018,44820,1,720000,2,Hyundai ELITE I20 SPORTZ 1.4
Honda,CITY,1.5 V AT,0,1,04-01-2011,96000,1,450000,10,Honda CITY 1.5 V AT
Maruti Suzuki,SWIFT,VDI BS IV,0,0,02-01-2018,82000,1,650000,0,Maruti Suzuki SWIFT VDI BS IV
Maruti Suzuki,SWIFT DZIRE,VDI BS IV,0,0,11-01-2017,81532,1,810000,3,Maruti Suzuki SWIFT DZIRE VDI BS IV
Maruti Suzuki,CELERIO,VXI AMT,0,0,10-01-2014,28209,1,430000,3,Maruti Suzuki CELERIO VXI AMT
Volkswagen,AMEO,HIGHLINE 1.2L PLUS (P),0,0,11-01-2016,87515,1,550000,2,Volkswagen AMEO HIGHLINE 1.2L PLUS (P)
Honda,CITY 5TH GEN,ZX CVT PETROL BS-VI,0,0,01-01-2021,31090,1,1520000,10,Honda CITY 5TH GEN ZX CVT PETROL BS-VI
Hyundai,EON,MAGNA + SE,0,0,04-01-2016,55118,1,320000,1,Hyundai EON MAGNA + SE
Hyundai,ELITE I20,ASTA 1.2,0,1,02-01-2015,80522,1,670000,1,Hyundai ELITE I20 ASTA 1.2
Mahindra,XUV500,W8,0,0,02-01-2013,144518,1,780000,0,Mahindra XUV500 W8
Maruti Suzuki,CELERIO,ZXI AMT,0,0,06-01-2016,46125,1,520000,2,Maruti Suzuki CELERIO ZXI AMT
Hyundai,GRAND I10 NIOS(2019-2023),ASTA 1.2 KAPPA VTVT,0,0,08-01-2019,11535,1,665000,10,Hyundai GRAND I10 NIOS(2019-2023) ASTA 1.2 KAPPA VTVT
Hyundai,CRETA,CRDI 1.4 E PLUS,0,0,03-01-2018,72177,1,931000,10,Hyundai CRETA CRDI 1.4 E PLUS
Maruti Suzuki,VITARA BREZZA,LDI,0,0,10-01-2018,66155,1,775000,2,Maruti Suzuki VITARA BREZZA LDI
Maruti Suzuki,SWIFT,LXI O,0,0,06-01-2016,58727,1,455000,10,Maruti Suzuki SWIFT LXI O
Hyundai,GRAND I10(2017-2020),SPORTZ O 1.2 KAPPA VTVT,0,0,01-01-2017,37804,1,485000,48,Hyundai GRAND I10(2017-2020) SPORTZ O 1.2 KAPPA VTVT
Hyundai,GRAND I10(2017-2020),SPORTZ O 1.2 KAPPA VTVT,0,0,05-01-2017,48420,1,421000,0,Hyundai GRAND I10(2017-2020) SPORTZ O 1.2 KAPPA VTVT
Hyundai,I20(2015-2017),ASTA 1.4 CRDI,0,0,04-01-2015,93033,2,510000,10,Hyundai I20(2015-2017) ASTA 1.4 CRDI
Maruti Suzuki,ERTIGA,SMART HYBRID VXI,0,0,01-01-2021,40333,1,1021000,10,Maruti Suzuki ERTIGA SMART HYBRID VXI
Hyundai,GRAND I10,MAGNA U2 1.2 CRDI,0,0,03-01-2019,57851,2,490000,1,Hyundai GRAND I10 MAGNA U2 1.2 CRDI
Renault,KWID,CLIMBER 1.0,0,0,08-01-2020,37911,1,445000,3,Renault KWID CLIMBER 1.0
Mahindra,TUV 300,T4 PLUS,0,0,01-01-2020,88180,1,845000,10,Mahindra TUV 300 T4 PLUS
Renault,KWID,1.0 RXT,0,0,03-01-2017,88903,1,330000,2,Renault KWID 1.0 RXT
Hyundai,SANTRO(2018-2020),ERA EXECUTIVE,0,0,10-01-2020,63706,1,481000,3,Hyundai SANTRO(2018-2020) ERA EXECUTIVE
Hyundai,VERNA,1.6 CRDI SX O,0,0,03-01-2018,84711,1,1045000,10,Hyundai VERNA 1.6 CRDI SX O
Maruti Suzuki,WAGON R,VXI,0,0,02-01-2016,76065,2,401000,0,Maruti Suzuki WAGON R VXI
Honda,AMAZE,1.2 SMT I VTEC,0,0,03-01-2014,81128,1,410000,10,Honda AMAZE 1.2 SMT I VTEC
Skoda,RAPID(2016-2020),1.6 MPI ACTIVE,0,0,08-01-2018,95579,1,591000,10,Skoda RAPID(2016-2020) 1.6 MPI ACTIVE
Renault,KWID,RXT,0,0,10-01-2015,50239,1,290000,10,Renault KWID RXT
Renault,KWID,RXT,0,0,05-01-2018,38511,1,365000,10,Renault KWID RXT
Mahindra,SCORPIO,S11 4WD,0,0,04-01-2019,66203,1,1245000,10,Mahindra SCORPIO S11 4WD
Tata,TIAGO,REVOTRON XM,0,0,05-01-2017,13562,1,391000,9,Tata TIAGO REVOTRON XM
Hyundai,CRETA,SX O 1.5 DIESEL AT,0,0,02-01-2020,68980,1,1711000,10,Hyundai CRETA SX O 1.5 DIESEL AT
Mahindra,SCORPIO,S11 2WD,0,0,09-01-2019,82068,1,1650000,4,Mahindra SCORPIO S11 2WD
Ford,ASPIRE(2015_2018),TITANIUM 1.2 TI-VCT,0,0,10-01-2017,78533,1,471000,1,Ford ASPIRE(2015_2018) TITANIUM 1.2 TI-VCT
Mahindra,XUV300,W6 DIESEL,0,0,03-01-2020,53309,1,925000,10,Mahindra XUV300 W6 DIESEL
Mahindra,BOLERO,XL 2WD 9STR BS III,0,0,01-01-2012,56000,2,445000,10,Mahindra BOLERO XL 2WD 9STR BS III
Mahindra,BOLERO,POWER PLUS SLE,0,0,01-01-2018,65236,1,765000,10,Mahindra BOLERO POWER PLUS SLE
Honda,AMAZE,1.2 S I-VTEC,0,0,11-01-2020,40431,1,725000,10,Honda AMAZE 1.2 S I-VTEC
Maruti Suzuki,WAGON R(2019-2022),VXI 1.0,0,0,06-01-2019,67000,1,525000,2,Maruti Suzuki WAGON R(2019-2022) VXI 1.0
Maruti Suzuki,ERTIGA,SMART HYBRID VXI,3,0,07-01-2021,14748,1,1110000,10,Maruti Suzuki ERTIGA SMART HYBRID VXI
Skoda,SUPERB,STYLE TSI AT,0,0,05-01-2017,67656,1,1475000,4,Skoda SUPERB STYLE TSI AT
Maruti Suzuki,VITARA BREZZA,VDI AMT,0,0,06-01-2019,54088,1,925000,2,Maruti Suzuki VITARA BREZZA VDI AMT
Honda,CITY,1.5 V MT,0,0,11-01-2015,34499,1,615000,0,Honda CITY 1.5 V MT
Mahindra,XUV500(2011_2015),W6,0,0,10-01-2015,61319,1,850000,14,Mahindra XUV500(2011_2015) W6
Maruti Suzuki,ERTIGA(2018-2022),VXI CNG BS-VI,3,0,01-01-2022,12017,1,1165000,2,Maruti Suzuki ERTIGA(2018-2022) VXI CNG BS-VI
Hyundai,GRAND I10 NIOS,SPORTZ AMT 1.2 KAPPA VTVT,0,0,05-01-2021,4489,1,791000,2,Hyundai GRAND I10 NIOS SPORTZ AMT 1.2 KAPPA VTVT
Skoda,SUPERB,ELEGANCE 2.0 TDI CR AT,0,0,02-01-2012,107556,2,585000,57,Skoda SUPERB ELEGANCE 2.0 TDI CR AT
Hyundai,CRETA,SX 1.6 AT PETROL,0,0,02-01-2019,24613,2,1275000,3,Hyundai CRETA SX 1.6 AT PETROL
Maruti Suzuki,CIAZ,DELTA 1.4 MT,0,0,03-01-2017,66548,1,625000,10,Maruti Suzuki CIAZ DELTA 1.4 MT
Maruti Suzuki,DZIRE,ZXI AGS,0,0,11-01-2020,34375,1,791000,0,Maruti Suzuki DZIRE ZXI AGS
Volkswagen,TAIGUN,TOPLINE 1.0 TSI MT,0,0,10-01-2021,26868,1,1335000,13,Volkswagen TAIGUN TOPLINE 1.0 TSI MT
Honda,CITY,VX MT PETROL,0,0,10-01-2015,67774,1,675000,9,Honda CITY VX MT PETROL
Maruti Suzuki,DZIRE(2017-2020),ZXI AMT BS-VI,0,0,09-01-2020,13895,1,811000,9,Maruti Suzuki DZIRE(2017-2020) ZXI AMT BS-VI
Renault,TRIBER,RXT,0,0,04-01-2022,18732,1,711000,0,Renault TRIBER RXT
Maruti Suzuki,DZIRE,ZXI PLUS AGS,0,0,08-01-2020,38700,1,775000,14,Maruti Suzuki DZIRE ZXI PLUS AGS
Renault,TRIBER,RXZ,0,0,07-01-2021,16644,1,711000,10,Renault TRIBER RXZ
Maruti Suzuki,BALENO,ZETA,0,0,08-01-2020,9789,1,765000,3,Maruti Suzuki BALENO ZETA
Tata,ALTROZ,XZ PLUS DIESEL,0,0,07-01-2022,14203,1,990000,1,Tata ALTROZ XZ PLUS DIESEL
Maruti Suzuki,SWIFT DZIRE,ZDI AT,0,0,07-01-2018,67000,1,791000,10,Maruti Suzuki SWIFT DZIRE ZDI AT
Mahindra,THAR,LX 4-STR CONVERTIBLE DIESEL MT,0,0,03-01-2022,9706,1,1575000,58,Mahindra THAR LX 4-STR CONVERTIBLE DIESEL MT
Hyundai,VERNA,1.6 CRDI SX PLUS AT,0,0,02-01-2018,52176,1,1045000,0,Hyundai VERNA 1.6 CRDI SX PLUS AT
Hyundai,VERNA,1.4 CRDI EX,0,0,12-01-2019,81167,1,985000,10,Hyundai VERNA 1.4 CRDI EX
Maruti Suzuki,DZIRE(2017_2020),VXI,0,0,02-01-2020,14720,1,695000,1,Maruti Suzuki DZIRE(2017_2020) VXI
Hyundai,AURA,S 1.2 AMT PETROL,0,0,05-01-2021,43228,1,725000,2,Hyundai AURA S 1.2 AMT PETROL
Toyota,COROLLA ALTIS,1.8 VL AT,0,1,05-01-2017,46726,1,1250000,9,Toyota COROLLA ALTIS 1.8 VL AT
Hyundai,VENUE,S 1.2 PETROL,0,0,11-01-2020,22487,1,791000,10,Hyundai VENUE S 1.2 PETROL
Renault,DUSTER,RXL PACK DIESEL 85,0,0,05-01-2014,36468,1,510000,2,Renault DUSTER RXL PACK DIESEL 85
Kia,SONET,HTK PLUS 1.2 FACELIFT,0,0,01-01-2022,15308,1,950000,1,Kia SONET HTK PLUS 1.2 FACELIFT
Renault,KWID,1.0 RXT AMT O,0,0,06-01-2017,17859,1,345000,10,Renault KWID 1.0 RXT AMT O
Jeep,COMPASS,LIMITED 1.4 PETROL AT,0,0,01-01-2018,35680,1,1345000,0,Jeep COMPASS LIMITED 1.4 PETROL AT
Honda,JAZZ,1.2 V CVT I VTEC BSIV,0,0,11-01-2016,28627,1,625000,31,Honda JAZZ 1.2 V CVT I VTEC BSIV
Volkswagen,VENTO,HIGHLINE 1.6 PETROL,0,0,10-01-2015,58140,1,525000,9,Volkswagen VENTO HIGHLINE 1.6 PETROL
Mahindra,XUV500,W7,0,0,05-01-2019,59785,1,1285000,10,Mahindra XUV500 W7
Toyota,FORTUNER,3.0 AT 4X2,0,1,02-01-2013,96000,2,1475000,0,Toyota FORTUNER 3.0 AT 4X2
Tata,TIAGO,REVOTRON XZ PLUS,0,0,11-01-2019,31287,1,585000,10,Tata TIAGO REVOTRON XZ PLUS
Mahindra,MARAZZO,M8 7 STR,0,0,05-01-2019,21624,1,1150000,15,Mahindra MARAZZO M8 7 STR
Mahindra,XUV500,W9 AT,0,0,07-01-2018,32295,1,1475000,10,Mahindra XUV500 W9 AT
Volkswagen,POLO,COMFORTLINE 1.2L P,0,0,09-01-2016,40600,1,536000,10,Volkswagen POLO COMFORTLINE 1.2L P
Mahindra,THAR,CRDE 4X4 AC,0,0,01-01-2019,29291,2,950000,4,Mahindra THAR CRDE 4X4 AC
Renault,KWID,RXL,0,0,11-01-2018,41657,1,365000,59,Renault KWID RXL
Hyundai,GRAND I10,ASTA AT 1.2 KAPPA VTVT,0,1,12-01-2015,75394,1,475000,2,Hyundai GRAND I10 ASTA AT 1.2 KAPPA VTVT
Honda,JAZZ,1.2 SV I VTEC,0,0,01-01-2017,20831,1,600000,9,Honda JAZZ 1.2 SV I VTEC
Honda,AMAZE,1.2 EMT I VTEC,0,0,01-01-2018,43501,1,475000,0,Honda AMAZE 1.2 EMT I VTEC
Mahindra,THAR,LX 4-STR HARD TOP PETROL AT,0,0,09-01-2021,32304,1,1450000,29,Mahindra THAR LX 4-STR HARD TOP PETROL AT
Hyundai,VERNA,CRDI 1.6 EX AT,0,1,03-01-2018,66030,1,845000,29,Hyundai VERNA CRDI 1.6 EX AT
Maruti Suzuki,ALTO 800,LXI,0,0,01-01-2016,68305,1,305000,2,Maruti Suzuki ALTO 800 LXI
Renault,TRIBER,RXL,0,0,10-01-2020,44931,1,590000,60,Renault TRIBER RXL
Renault,CAPTUR,RXE DIESEL,0,0,03-01-2018,72493,1,695000,25,Renault CAPTUR RXE DIESEL
Hyundai,I10(2010_2017),SPORTZ 1.2 AT KAPPA 2,0,0,01-01-2013,67000,2,345000,2,Hyundai I10(2010_2017) SPORTZ 1.2 AT KAPPA 2
Mercedes Benz,E-CLASS(2009-2013),E350 CDI AVANTGARDE,0,0,03-01-2013,132565,3,1000000,30,Mercedes Benz E-CLASS(2009-2013) E350 CDI AVANTGARDE
Volkswagen,AMEO,HIGHLINE PLUS 1.5L (D),0,0,05-01-2018,66252,1,693000,2,Volkswagen AMEO HIGHLINE PLUS 1.5L (D)
Hyundai,XCENT,S 1.1 CRDI,0,0,09-01-2015,64285,1,486000,0,Hyundai XCENT S 1.1 CRDI
Skoda,KUSHAQ,AMBITION 1.0L TSI MT,0,0,11-01-2021,21006,1,1245000,10,Skoda KUSHAQ AMBITION 1.0L TSI MT
Maruti Suzuki,ALTO K10,VXI,0,0,05-01-2017,46936,1,340000,3,Maruti Suzuki ALTO K10 VXI
Kia,SONET,HTK PLUS 1.5 AT,0,0,10-01-2020,61755,1,925000,29,Kia SONET HTK PLUS 1.5 AT
Tata,TIGOR,REVOTRON XZ,0,0,05-01-2017,31685,1,450000,0,Tata TIGOR REVOTRON XZ
Nissan,SUNNY,XL DIESEL,0,0,12-01-2014,76787,1,445000,19,Nissan SUNNY XL DIESEL
Maruti Suzuki,DZIRE(2017-2020),ZXI,0,0,11-01-2019,47117,1,725000,2,Maruti Suzuki DZIRE(2017-2020) ZXI
Maruti Suzuki,WAGON R,LXI,0,0,10-01-2010,53250,1,250000,0,Maruti Suzuki WAGON R LXI
Hyundai,ACCENT,EXECUTIVE,0,0,01-01-2010,73680,2,140000,0,Hyundai ACCENT EXECUTIVE
Renault,DUSTER,RXL DIESEL 110,0,0,01-01-2014,73414,1,545000,4,Renault DUSTER RXL DIESEL 110
Hyundai,ELITE I20,MAGNA PLUS 1.2,0,0,05-01-2019,66684,1,665000,1,Hyundai ELITE I20 MAGNA PLUS 1.2
Hyundai,ELITE I20,SPORTZ 1.2,0,0,06-01-2016,57317,1,585000,0,Hyundai ELITE I20 SPORTZ 1.2
Ford,ECOSPORT,TREND 1.5 TI VCT,0,0,09-01-2014,46049,2,475000,2,Ford ECOSPORT TREND 1.5 TI VCT
Hyundai,CRETA,1.6 CRDI AT SX PLUS,0,1,06-01-2015,68212,1,870000,2,Hyundai CRETA 1.6 CRDI AT SX PLUS
Honda,JAZZ,1.2 V CVT I VTEC BSIV,0,0,06-01-2017,42490,1,650000,61,Honda JAZZ 1.2 V CVT I VTEC BSIV
Honda,CITY,1.5 E MT,0,0,01-01-2014,99400,1,560000,9,Honda CITY 1.5 E MT
Hyundai,I10,SPORTZ 1.1 IRDE2,0,0,05-01-2015,62557,1,395000,2,Hyundai I10 SPORTZ 1.1 IRDE2
Ford,ECOSPORT,TITANIUM 1.5 TDCI,0,0,10-01-2013,43000,1,510000,60,Ford ECOSPORT TITANIUM 1.5 TDCI
Hyundai,I10(2010_2017),SPORTZ 1.2 AT KAPPA 2,0,0,07-01-2012,52381,2,341000,1,Hyundai I10(2010_2017) SPORTZ 1.2 AT KAPPA 2
Maruti Suzuki,CELERIO,VXI,0,0,09-01-2022,8084,1,596000,0,Maruti Suzuki CELERIO VXI
Maruti Suzuki,BALENO,DELTA 1.2,0,0,12-01-2016,30380,2,545000,2,Maruti Suzuki BALENO DELTA 1.2
Renault,KWID,1.0 RXT,0,0,03-01-2017,70976,1,356000,1,Renault KWID 1.0 RXT
Hyundai,ELITE I20,MAGNA EXECUTIVE 1.2,0,0,08-01-2017,63412,1,596000,2,Hyundai ELITE I20 MAGNA EXECUTIVE 1.2
Renault,KWID,CLIMBER 1.0,0,0,11-01-2018,65823,1,445000,3,Renault KWID CLIMBER 1.0
Maruti Suzuki,S PRESSO,VXI PLUS,0,0,10-01-2020,12673,1,485000,3,Maruti Suzuki S PRESSO VXI PLUS
Hyundai,GRAND I10,1.2 KAPPA SPORTZ,0,0,04-01-2016,54259,1,485000,34,Hyundai GRAND I10 1.2 KAPPA SPORTZ
Honda,CITY,1.5 V MT,0,0,03-01-2012,83952,1,455000,1,Honda CITY 1.5 V MT
Maruti Suzuki,SWIFT,VXI 1.2 BS IV,0,0,10-01-2015,71516,1,485000,2,Maruti Suzuki SWIFT VXI 1.2 BS IV
Hyundai,GRAND I10,1.2 KAPPA MAGNA,0,0,11-01-2017,68660,1,485000,1,Hyundai GRAND I10 1.2 KAPPA MAGNA
Hyundai,SANTRO,SPORTZ AMT,0,0,06-01-2019,24302,1,485000,8,Hyundai SANTRO SPORTZ AMT
Maruti Suzuki,DZIRE,ZXI PLUS AMT,0,0,05-01-2017,48366,1,645000,29,Maruti Suzuki DZIRE ZXI PLUS AMT
Hyundai,VERNA(2017-2020),1.6 VTVT SX,0,0,03-01-2020,24790,1,1025000,37,Hyundai VERNA(2017-2020) 1.6 VTVT SX
Tata,NEXON,XM,0,0,01-01-2018,46910,2,685000,2,Tata NEXON XM
Hyundai,CRETA,1.6E PLUS,0,0,02-01-2017,49045,1,845000,10,Hyundai CRETA 1.6E PLUS
Maruti Suzuki,CELERIO,ZDI,0,0,08-01-2015,98554,1,300000,62,Maruti Suzuki CELERIO ZDI
Hyundai,I20,ASTA 1.2,0,0,06-01-2012,44779,2,250000,59,Hyundai I20 ASTA 1.2
Maruti Suzuki,SWIFT DZIRE,VXI,0,0,08-01-2017,36212,1,510000,30,Maruti Suzuki SWIFT DZIRE VXI
Mahindra,XUV 500,W10,0,0,12-01-2017,80537,1,1020000,10,Mahindra XUV 500 W10
Maruti Suzuki,SWIFT,VXI,0,0,04-01-2017,32227,1,479000,29,Maruti Suzuki SWIFT VXI
Honda,CITY,V MT DIESEL,0,0,05-01-2019,30954,1,865000,22,Honda CITY V MT DIESEL
Maruti Suzuki,BALENO,ZETA,0,0,09-01-2017,43209,1,520000,1,Maruti Suzuki BALENO ZETA
Maruti Suzuki,ALTO 800,LXI,0,0,02-01-2017,48221,1,259000,10,Maruti Suzuki ALTO 800 LXI
Hyundai,VERNA,1.6 CRDI SX O,0,0,09-01-2017,32956,1,838000,14,Hyundai VERNA 1.6 CRDI SX O
Maruti Suzuki,VITARA BREZZA,VDI,0,0,09-01-2019,51971,1,750000,0,Maruti Suzuki VITARA BREZZA VDI
Chevrolet,SPARK,PS 1.0,0,0,04-01-2009,34522,1,119000,3,Chevrolet SPARK PS 1.0
Mahindra,BOLERO,ZLX,0,0,12-01-2015,45785,2,515000,11,Mahindra BOLERO ZLX
Honda,CITY 5TH GEN,VX CVT PETROL BS-VI,0,0,02-01-2021,14353,1,1250000,22,Honda CITY 5TH GEN VX CVT PETROL BS-VI
Maruti Suzuki,ZEN ESTILO,LXI BS IV,0,0,01-01-2010,30044,1,175000,18,Maruti Suzuki ZEN ESTILO LXI BS IV
Honda,JAZZ,1.2 S I VTEC,0,0,08-01-2016,39253,1,460000,22,Honda JAZZ 1.2 S I VTEC
Maruti Suzuki,SWIFT,VXI,0,0,01-01-2018,24841,2,539000,0,Maruti Suzuki SWIFT VXI
Ford,FIGO(2012-2015),DURATORQ DIESEL EXI 1.4,0,0,10-01-2012,85000,1,167000,63,Ford FIGO(2012-2015) DURATORQ DIESEL EXI 1.4
Maruti Suzuki,CIAZ,VDI PLUS MT SHVS,0,0,06-01-2015,70067,2,400000,9,Maruti Suzuki CIAZ VDI PLUS MT SHVS
Mahindra,MARAZZO,M6 PLUS 8 STR,0,0,10-01-2020,29774,1,1025000,10,Mahindra MARAZZO M6 PLUS 8 STR
Maruti Suzuki,CELERIO,ZXI AMT,0,0,05-01-2016,32455,1,390000,0,Maruti Suzuki CELERIO ZXI AMT
Hyundai,VENUE,SX 1.0 PETROL,0,0,10-01-2020,39183,1,840000,10,Hyundai VENUE SX 1.0 PETROL
Mahindra,MARAZZO,M2 8 STR,0,0,08-01-2021,19437,1,1075000,58,Mahindra MARAZZO M2 8 STR
Mahindra,XUV 500,W10,0,0,02-01-2018,68024,1,1150000,64,Mahindra XUV 500 W10
Maruti Suzuki,BALENO,ZETA,0,0,08-01-2020,41294,1,625000,65,Maruti Suzuki BALENO ZETA
Honda,CITY,1.5 E MT,0,0,08-01-2014,35796,1,500000,9,Honda CITY 1.5 E MT
Mahindra,BOLERO(2007-2011),LX,0,0,04-01-2011,99854,1,235000,1,Mahindra BOLERO(2007-2011) LX
Mahindra,TUV 300,T4,0,0,05-01-2018,85600,1,550000,4,Mahindra TUV 300 T4
Mahindra,XUV500,W11,0,0,07-01-2020,26781,1,1550000,9,Mahindra XUV500 W11
Honda,MOBILIO,S DIESEL,0,0,05-01-2014,65766,1,400000,10,Honda MOBILIO S DIESEL
Hyundai,GRAND I10,SPORTZ 1.2 KAPPA VTVT,0,0,06-01-2015,42500,1,350000,15,Hyundai GRAND I10 SPORTZ 1.2 KAPPA VTVT
Hyundai,ELANTRA(2016-2019),1.6 SX MT,0,0,06-01-2019,22350,1,1200000,0,Hyundai ELANTRA(2016-2019) 1.6 SX MT
Nissan,TERRANO,XL D,0,0,04-01-2014,84956,3,450000,4,Nissan TERRANO XL D
Maruti Suzuki,ALTO,LXI BS III,0,0,01-01-2008,88541,1,120000,1,Maruti Suzuki ALTO LXI BS III
Tata,TIGOR(2018-2020),REVOTRON XE,0,0,08-01-2018,31960,1,330000,59,Tata TIGOR(2018-2020) REVOTRON XE
Hyundai,I10,SPORTZ 1.2 KAPPA2,0,0,01-01-2012,44680,1,220000,25,Hyundai I10 SPORTZ 1.2 KAPPA2
Honda,AMAZE,1.5 SMT I DTEC,0,0,03-01-2014,48079,1,350000,66,Honda AMAZE 1.5 SMT I DTEC
Maruti Suzuki,ALTO K10,LXI,0,0,02-01-2010,99854,1,175000,4,Maruti Suzuki ALTO K10 LXI
Hyundai,I20,SPORTZ 1.2 BS IV,0,0,01-01-2010,124551,1,185000,29,Hyundai I20 SPORTZ 1.2 BS IV
Maruti Suzuki,ERTIGA,ZXI,0,0,01-01-2014,55115,1,460000,3,Maruti Suzuki ERTIGA ZXI
Hyundai,SANTRO XING,GL,0,0,02-01-2011,65255,1,165000,38,Hyundai SANTRO XING GL
Honda,AMAZE,1.2 SMT I VTEC,0,0,01-01-2015,50114,1,330000,0,Honda AMAZE 1.2 SMT I VTEC
Hyundai,I20,SPORTZ 1.4 CRDI,0,0,05-01-2014,76098,2,350000,59,Hyundai I20 SPORTZ 1.4 CRDI
Mahindra,XYLO,E4 BS III,0,0,01-01-2009,85441,1,200000,9,Mahindra XYLO E4 BS III
Maruti Suzuki,VITARA BREZZA,VXI,0,0,03-01-2020,48967,1,800000,7,Maruti Suzuki VITARA BREZZA VXI
Maruti Suzuki,SWIFT,VXI,0,0,06-01-2014,65000,1,315000,17,Maruti Suzuki SWIFT VXI
Tata,NEXON,XM,0,0,02-01-2021,28234,1,800000,4,Tata NEXON XM
Maruti Suzuki,BALENO,DELTA,0,0,10-01-2017,31317,1,549000,3,Maruti Suzuki BALENO DELTA
Maruti Suzuki,SWIFT,VDI,0,0,01-01-2014,88541,2,340000,0,Maruti Suzuki SWIFT VDI
Hyundai,SANTRO XING,GLS,0,0,01-01-2008,95350,1,100000,3,Hyundai SANTRO XING GLS
Hyundai,VERNA,FLUIDIC 1.6 EX VTVT,0,0,07-01-2012,53000,1,330000,19,Hyundai VERNA FLUIDIC 1.6 EX VTVT
Mahindra,XUV500(2011_2015),SPORTZ LTD,0,0,07-01-2014,35170,1,650000,10,Mahindra XUV500(2011_2015) SPORTZ LTD
Hyundai,GRAND I10,MAGNA 1.2 KAPPA VTVT,0,0,10-01-2018,46069,1,450000,10,Hyundai GRAND I10 MAGNA 1.2 KAPPA VTVT
Maruti Suzuki,BALENO,SIGMA,0,0,02-01-2021,5814,2,650000,29,Maruti Suzuki BALENO SIGMA
Maruti Suzuki,ERTIGA,VDI,0,0,08-01-2013,48519,1,490000,0,Maruti Suzuki ERTIGA VDI
Mahindra,MARAZZO,M6 7 STR,0,0,08-01-2018,62150,2,700000,15,Mahindra MARAZZO M6 7 STR
Nissan,TERRANO,XL 110 DIESEL,0,0,03-01-2015,70172,1,450000,25,Nissan TERRANO XL 110 DIESEL
Hyundai,XCENT,1.2 KAPPA DUAL VTVT 5-SPEED MANUAL SX,0,0,01-01-2018,6520,1,565000,0,Hyundai XCENT 1.2 KAPPA DUAL VTVT 5-SPEED MANUAL SX
Maruti Suzuki,SWIFT,LXI,0,0,08-01-2015,47120,1,330000,0,Maruti Suzuki SWIFT LXI
Mahindra,KUV100,K4 6 SEATER PETROL,0,0,05-01-2016,34500,1,325000,7,Mahindra KUV100 K4 6 SEATER PETROL
Mahindra,XUV500,W8,0,0,12-01-2012,75847,1,450000,0,Mahindra XUV500 W8
Maruti Suzuki,WAGON R,VXI,0,0,06-01-2018,47836,1,450000,3,Maruti Suzuki WAGON R VXI
Tata,ALTROZ,XZ PLUS PETROL,0,0,06-01-2022,6445,1,800000,1,Tata ALTROZ XZ PLUS PETROL
Maruti Suzuki,ERTIGA,LXI,0,0,10-01-2016,62198,1,450000,0,Maruti Suzuki ERTIGA LXI
Hyundai,GRAND I10,SPORTZ 1.2 KAPPA VTVT,0,0,03-01-2018,14978,1,435000,10,Hyundai GRAND I10 SPORTZ 1.2 KAPPA VTVT
Mahindra,SCORPIO,S5 2WD,0,0,09-01-2020,47991,1,1150000,10,Mahindra SCORPIO S5 2WD
Maruti Suzuki,SWIFT,VXI,0,0,09-01-2013,103704,1,270000,1,Maruti Suzuki SWIFT VXI
Mahindra,KUV100 NXT,K4 PLUS D 6 STR,0,0,07-01-2018,68473,1,325000,7,Mahindra KUV100 NXT K4 PLUS D 6 STR
Ford,ECOSPORT,TITANIUM 1.5 TDCI,0,0,11-01-2014,38585,1,469000,10,Ford ECOSPORT TITANIUM 1.5 TDCI
Hyundai,GRAND I10,SPORTZ 1.2 KAPPA VTVT,0,0,06-01-2016,34185,1,400000,15,Hyundai GRAND I10 SPORTZ 1.2 KAPPA VTVT
Maruti Suzuki,ALTO,VXI,0,0,07-01-2015,5512,1,225000,32,Maruti Suzuki ALTO VXI
Hyundai,EON,ERA,0,0,02-01-2017,31348,2,200000,47,Hyundai EON ERA
Kia,SONET,GTX PLUS 1.5 AT,0,0,03-01-2021,45303,1,1325000,10,Kia SONET GTX PLUS 1.5 AT
Hyundai,CRETA,E 1.5 PETROL,0,0,07-01-2021,28264,1,1025000,10,Hyundai CRETA E 1.5 PETROL
Kia,SELTOS,GTX PLUS AT 1.5 DIESEL,0,0,12-01-2019,44354,1,1525000,0,Kia SELTOS GTX PLUS AT 1.5 DIESEL
Hyundai,VERNA,1.6 CRDI S AT,0,0,06-01-2016,72637,2,695000,10,Hyundai VERNA 1.6 CRDI S AT
Jeep,WRANGLER,UNLIMITED 4X4 DIESEL,0,0,09-01-2017,94220,1,1300000,3,Jeep WRANGLER UNLIMITED 4X4 DIESEL
Toyota,COROLLA ALTIS,1.8 VL AT,3,1,06-01-2009,57847,1,395000,10,Toyota COROLLA ALTIS 1.8 VL AT
Honda,BR V,VX DIESEL,0,0,11-01-2016,43921,1,790000,1,Honda BR V VX DIESEL
Kia,SELTOS,HTX 1.5,0,0,07-01-2021,3850,1,1490000,10,Kia SELTOS HTX 1.5
Toyota,URBAN CRUISER,HIGH GRADE MT,0,0,06-01-2021,24009,1,940000,10,Toyota URBAN CRUISER HIGH GRADE MT
Maruti Suzuki,RITZ,VDI BS IV,0,0,05-01-2015,44182,1,490000,10,Maruti Suzuki RITZ VDI BS IV
Renault,KIGER(2022-2023),RXT MT,0,0,04-01-2022,37726,1,675000,10,Renault KIGER(2022-2023) RXT MT
Honda,AMAZE,1.2 SMT I VTEC,0,0,02-01-2019,51754,1,625000,10,Honda AMAZE 1.2 SMT I VTEC
Kia,SELTOS,HTK PLUS 1.5,0,0,08-01-2021,17357,1,1390000,10,Kia SELTOS HTK PLUS 1.5
Kia,SELTOS,HTX PLUS 1.5 DIESEL,0,0,09-01-2021,30380,1,1650000,10,Kia SELTOS HTX PLUS 1.5 DIESEL
Isuzu,V CROSS,D MAX,0,0,09-01-2016,75212,1,1490000,9,Isuzu V CROSS D MAX
Kia,SONET,GTX PLUS 1.5 AT,0,0,10-01-2020,53794,1,1225000,1,Kia SONET GTX PLUS 1.5 AT
Hyundai,SANTRO(2020-2023),SPORTZ BS-VI,0,0,09-01-2022,4532,1,575000,10,Hyundai SANTRO(2020-2023) SPORTZ BS-VI
Mahindra,THAR,LX 4-STR HARD TOP DIESEL MT,0,0,06-01-2021,55735,1,1590000,2,Mahindra THAR LX 4-STR HARD TOP DIESEL MT
Mg,ASTOR,VTI TECH CVT SAVVY,0,0,02-01-2022,8412,1,1425000,4,Mg ASTOR VTI TECH CVT SAVVY
Honda,BR V,V PETROL,0,0,01-01-2017,100000,1,500000,67,Honda BR V V PETROL
Maruti Suzuki,ERTIGA(2015-2018),ZDI SHVS,0,0,11-01-2015,23796,1,899000,2,Maruti Suzuki ERTIGA(2015-2018) ZDI SHVS
Tata,TIAGO,XT CNG,3,0,02-01-2022,4439,1,590000,2,Tata TIAGO XT CNG
Mahindra,XUV500,W11 AT,0,0,06-01-2018,144000,1,1050000,14,Mahindra XUV500 W11 AT
Maruti Suzuki,S-CROSS(2017-2020),DELTA 1.3,0,0,09-01-2019,67852,1,850000,0,Maruti Suzuki S-CROSS(2017-2020) DELTA 1.3
Hyundai,VENUE(2020-2022),SX 1.0 TURBO,0,0,06-01-2021,21721,1,990000,10,Hyundai VENUE(2020-2022) SX 1.0 TURBO
Ford,ECOSPORT,TITANIUM 1.5 TDCI,0,0,11-01-2016,46541,1,690000,10,Ford ECOSPORT TITANIUM 1.5 TDCI
Kia,SELTOS,GTX PLUS AT 1.5 DIESEL,0,0,01-01-2020,59633,1,1650000,4,Kia SELTOS GTX PLUS AT 1.5 DIESEL
Kia,SELTOS,GTX PLUS 1.4,0,0,12-01-2019,62701,1,1490000,10,Kia SELTOS GTX PLUS 1.4
Mahindra,THAR,LX 4-STR HARD TOP PETROL AT,0,0,12-01-2021,15473,1,1525000,4,Mahindra THAR LX 4-STR HARD TOP PETROL AT
Honda,JAZZ,1.2 ZX MT (I-VTEC),0,0,03-01-2021,21664,1,775000,10,Honda JAZZ 1.2 ZX MT (I-VTEC)
Mahindra,XUV300,W8 PETROL,0,0,02-01-2021,36884,1,990000,0,Mahindra XUV300 W8 PETROL
Jeep,COMPASS(2020-2021),LONGITUDE PLUS 1.4 PETROL AT,0,0,08-01-2020,21829,1,1675000,10,Jeep COMPASS(2020-2021) LONGITUDE PLUS 1.4 PETROL AT
Hyundai,ELITE I20(2020-2020),ASTA O 1.2 BS VI,0,0,09-01-2020,42918,1,715000,10,Hyundai ELITE I20(2020-2020) ASTA O 1.2 BS VI
Hyundai,XCENT(2017-2020),S,0,0,01-01-2019,78910,1,500000,10,Hyundai XCENT(2017-2020) S
Mahindra,SCORPIO(2009-2014),VLX 2WD BS-III,0,0,05-01-2013,76000,1,575000,10,Mahindra SCORPIO(2009-2014) VLX 2WD BS-III
Maruti Suzuki,VITARA BREZZA,VDI,0,0,06-01-2018,80120,1,771000,0,Maruti Suzuki VITARA BREZZA VDI
Honda,CITY,SV MT DIESEL,0,0,01-01-2014,77500,2,499000,31,Honda CITY SV MT DIESEL
